date,name,rating,review,review_status,product_name,product_url,public_reply
2025-04-01 00:00:00 UTC,Helene A,5,"Nær mellomlagsjakke. Beste jakken jeg har hatt. Varm og god, lett i vekt, enkel å krølle sammen og ha i veske/sekk.",published,Fiks håndverksbukse,https://florworks.no/products/fiks-handverksbukse,
2025-04-01 00:00:00 UTC,Helene A,5,"Nær mellomlagsjakke. Beste jakken jeg har hatt. Varm og god, lett i vekt, enkel å krølle sammen og ha i veske/sekk.",published,Nær mellomlagsjakke,https://florworks.no/products/naer-mellomlagsjakke,
2025-04-07 00:00:00 UTC,Tove I,5,Super komfortabel bukse 😊 anbefales 😄,published,Våronn arbeidsbukse,https://florworks.no/products/varonn-arbeidsbukse,
2025-04-09 00:00:00 UTC,Bente H,5,"Kjempefin farge, myk, ikke for tykk, god passform, behagelig på.",published,nord vest,https://florworks.no/products/nord-vest,
2025-04-10 00:00:00 UTC,Liv N,5,"Buksa er både veldig pen, god i stoffet og godt sydd. Veldig fornøyd!",published,God snekkerbukse,https://florworks.no/products/2024-god-snekkerbukse,
2025-04-10 00:00:00 UTC,Inger A,2,Veldig god passform og veldig komfortabel de 5 timene jeg fikk brukt den før den ene knappen gikk sund. Er blitt sendt tilbake. Håper det ikke går lang tid før den er reparert og jeg får den tilbake igjen.🙏,published,Våronn arbeidsbukse,https://florworks.no/products/varonn-arbeidsbukse,
2025-04-11 00:00:00 UTC,Sigurd K,5,Framhever nydelige kvinner,published,Slåttonn arbeidsshorts,https://florworks.no/products/2024-slattonn-arbeidsshorts,
2025-04-15 00:00:00 UTC,Bjørg H,4,"Veldig god bukse, men glidelåsen sklir ned litt etter hvert. Det er synd.",published,Våronn arbeidsbukse,https://florworks.no/products/varonn-arbeidsbukse,
2025-04-15 00:00:00 UTC,Lillian F,5,"Fantastisk god arbeidsbukse, strechy, perfekt passform (også for oss med former) Passe høg i livet, og praktiske lommer!!",published,Våronn arbeidsbukse,https://florworks.no/products/varonn-arbeidsbukse,
2025-04-15 00:00:00 UTC,Merethe H,5,"God passform, endelig fant jeg en bukse som er god å jobbe i! Blir helt sikkert kjøpt flere",published,Våronn arbeidsbukse,https://florworks.no/products/varonn-arbeidsbukse,
2025-04-16 00:00:00 UTC,Evy,5,"Verdens aller beste arbeidsbokse! Perfet til inne og utebruk, fantastisk god å gå med, perfekt passform! Genial bokse å bruke til kombinasjon stall, småbarnsliv, hobby bonde 🤩",published,Fiks håndverksbukse,https://florworks.no/products/fiks-handverksbukse,
2025-04-16 00:00:00 UTC,Christin J,5,Og jeg hadde allerede høye forventninger til den. Har omtrent ikke tatt den av siden jeg fikk den.,published,Sjodna arbeidsbukse,https://florworks.no/products/sjodna-arbeidsbukse,
2025-04-17 00:00:00 UTC,Juniane V,5,"Kjempegod dress med borrelås i sidene, og gode mansjetter i armar og bein som gjer at den ikkje glir. Stornøgd jente! Har str 12 år til jente snart 8, som er snart 1.40 høg og dressen passa perfekt! Forøvrig fjerde Flor-kjeledressen i heimen, då storesystera og mor også har! 🤩",published,Flor barnedress,https://florworks.no/products/flor-barnedress,
2025-04-17 00:00:00 UTC,Celine L,4,"Nydelig stoff! den sig litt - så må hippsa den litt. Men alt i alt- perfekt for floren, og leik 🥳",published,Flor kjeledress,https://florworks.no/products/ny-flor-kjeledress,
2025-04-17 00:00:00 UTC,Kari J,5,"Deilig bukse, både til tur og jobb. Høy og god i livet. Sitter bra",published,Våronn arbeidsbukse,https://florworks.no/products/varonn-arbeidsbukse,
2025-04-17 00:00:00 UTC,Marita R,5,Endelig en arbeidsbukse som passer ei dame med former godt! Digger den!!,published,Synleg håndverksbukse,https://florworks.no/products/synleg-handverksbukse,
2025-04-20 00:00:00 UTC,Lillian T,1,Alt for stor og vid .har ei frå før den er ikkje slik .så sendte tilbake denne eg kjøpte,published,God arbeidsbukse,https://florworks.no/products/2024-god-arbeidsbukse,
2025-04-20 00:00:00 UTC,Lara D,5,Våronn arbeidsbukse blir bare bedre og bedre. Tror jeg har 5 stk nå. Brukes hver dag i livet på gården og i stallen. God stretch og gode lommer og føles veldig god mot huden. Anbefales på det varmeste.,published,Våronn arbeidsbukse,https://florworks.no/products/varonn-arbeidsbukse,
2025-04-22 00:00:00 UTC,Agathe S,5,Ei fantastisk bukse.,published,Våronn arbeidsbukse,https://florworks.no/products/varonn-arbeidsbukse,
2025-04-22 00:00:00 UTC,Elizabeth E,5,"Ei behagelig og praktisk stretchy bukse som ivaretar bevegelsesfriheten min. Har aldri før hatt ei så lett, og på samme tida sterk arbeids bukse.",published,Våronn arbeidsbukse,https://florworks.no/products/varonn-arbeidsbukse,
2025-04-22 00:00:00 UTC,Wenche H,5,Fungerer perfekt til hagearbeid - og er i tillegg kul!,published,Våronn arbeidsbukse,https://florworks.no/products/varonn-arbeidsbukse,
2025-04-22 00:00:00 UTC,Rita A,5,Bra!,published,Slåttonn arbeidsshorts,https://florworks.no/products/2024-slattonn-arbeidsshorts,
2025-04-22 00:00:00 UTC,Hege S,5,"Jeg elsker kvaliteten,formen og fargene på klærne. Jeg jobber på gård,funksjonalitet er viktig, men det er og viktig ( for meg) at arbeidstøy ser bra ut...ja takk begge deler og det finner jeg i Florklærne :)",published,Hage arbeidsskjorte,https://florworks.no/products/2024-hage-arbeidsskjorte-1,
2025-04-25 00:00:00 UTC,Oddny K,4,"Fin bukse, litt stor i størrelsen. Gsnske tykt stoff",published,God snekkerbukse,https://florworks.no/products/2024-god-snekkerbukse,
2025-04-26 00:00:00 UTC,Tone G,4,"Veldig behagelig bukse, perfekt beinlengde til meg som er litt kort i beina. Kunne vært litt lavere på livet.",published,Våronn arbeidsbukse,https://florworks.no/products/varonn-arbeidsbukse,
2025-04-28 00:00:00 UTC,Wenche H,5,Ypperlig i hagen eller innendørs!,published,Hage forkle - lang modell,https://florworks.no/products/ny-flor-kjeledress,
2025-04-28 00:00:00 UTC,Geir O,5,Fin T skjorte👍,published,bonde t skjorte dame ny,https://florworks.no/products/2025-bonde-t-skjorte,
2025-04-30 00:00:00 UTC,Oddny K,5,Fin,published,haust 2023 ull panneband,https://florworks.no/products/2025-inst-arbeidsull-panneband,
2025-04-30 00:00:00 UTC,Helene A,5,"Fin, god og varm. Tipp topp.",published,Ullhals Outlet,https://florworks.no/products/hals-i-merinoull,
2025-05-03 00:00:00 UTC,Alexandra M,5,Utrolig behagelig og god bukse. Sitter godt og er lett å bevege seg i. Blir absolutt flere av denne! Eneste minuset er litt lange bein for en på 160.,published,Våronn arbeidsbukse,https://florworks.no/products/varonn-arbeidsbukse,
2025-05-03 00:00:00 UTC,Gry T,5,Hals i fine farger og fin høyde på halsen. Veldig fornøyd.,published,Ullhals Outlet,https://florworks.no/products/hals-i-merinoull,
2025-05-03 00:00:00 UTC,Gry T,5,Super fornøyd. Luen hadde god brett over ørene samtidig som den var myk.,published,fjong lue i ull,https://florworks.no/products/fjong-lue-i-ull,
2025-05-03 00:00:00 UTC,Liv k,5,Den va knaillj 🥳👍🏼 må bli fleire sånne etter kvart👍🏼🥳,published,Våronn arbeidsbukse,https://florworks.no/products/varonn-arbeidsbukse,
2025-05-03 00:00:00 UTC,Ane M,5,"Sitter godt, kanskje litt stor i størrelsen",published,Sjodna arbeidsbukse,https://florworks.no/products/sjodna-arbeidsbukse,
2025-05-06 00:00:00 UTC,Vibeke L,5,"Kunne gått ned en størrelse (kun L på lager), men da dekker den til gjengjeld godt over korsrygg og rumpe. Deilig lun mot vinden, store gode lommer, fint uten ermer når det skal graves og lempes i hagen.",published,nord vest,https://florworks.no/products/nord-vest,
2025-05-06 00:00:00 UTC,Ida V,5,"Veldig lik i storleik som den gamle Flor-dongeriskjorta, litt lengre i armane på meg.",published,Dongeri arbeidsskjorte,https://florworks.no/products/2025-dongeri-arbeidsskjorte,
2025-05-06 00:00:00 UTC,Helene W,5,Fin kjole!,published,Hage arbeidskjole,https://florworks.no/products/2025-hage-arbeidskjole,
2025-05-06 00:00:00 UTC,Vibeke L,5,Gikk ned til størrelsen som hadde eksakt samme hoftemål som meg - da sitter buksa som et skudd! Nydelig myk bomull kjennes samtidig veldig slitesterk. Gleder meg til å bo i denne gjennom sommeren!,published,God arbeidsbukse,https://florworks.no/products/2024-god-arbeidsbukse,
2025-05-07 00:00:00 UTC,Marianne S,5,Bra vest. Meget fornøyd med vesten og de andre klærne vi har kjøpt hos dere😀,published,2025 sor vest,https://florworks.no/products/nord-vest,
2025-05-07 00:00:00 UTC,Sander P,5,Veldig god bukse,published,Fiks håndverksbukse,https://florworks.no/products/fiks-handverksbukse,
2025-05-08 00:00:00 UTC,Anne B,5,Endelig en arbeidsbukse som er god å bøye seg i!,published,Våronn arbeidsbukse,https://florworks.no/products/varonn-arbeidsbukse,
2025-05-10 00:00:00 UTC,Trude,5,"Fantastisk gode bukser. Har to, som eg byter til så fort eg kjem heim frå kontoret. Perfekt til hagearbeid, tur og oppussing.",published,Våronn arbeidsbukse,https://florworks.no/products/varonn-arbeidsbukse,
2025-05-12 00:00:00 UTC,Marit E,5,"Veldig fornøyd med vesten min: varm, behagelig, og med praktiske store lommer. Akkurat som jeg håpte!",published,nord vest,https://florworks.no/products/nord-vest,
2025-05-12 00:00:00 UTC,Marit E,5,"Kjøpte denne for å bruke som turbukse: funker helt supert. Komfortabel, god å bevege seg i, og praktiske store lommer. Tipp topp!",published,Våronn arbeidsbukse,https://florworks.no/products/varonn-arbeidsbukse,
2025-05-12 00:00:00 UTC,Helene W,5,Veldig bra barnedress!,published,Flor barnedress,https://florworks.no/products/flor-barnedress,
2025-05-14 00:00:00 UTC,Sara E,5,"Denne er bare helt fantastisk for tørre hender! Jeg jobber i barnehage og blir alltid så tørr på hendene når jeg er mye ute med barna. Har hatt med denne kremen i lomma, og den har virkelig reddet meg!",published,symre handkrem 30 ml,https://florworks.no/products/symre-handkrem-30-ml,
2025-05-18 00:00:00 UTC,Ingrid E,5,"Kjempe god og fin genser, både til arbeid og hverdags",published,Vår bomullsgenser,https://florworks.no/products/2025-var-bomullsgenser,
2025-05-19 00:00:00 UTC,Åse V,4,Godt å endelig finne en bukse som gir rom for bevegelse i hagen🙌🏼,published,God snekkerbukse,https://florworks.no/products/2024-god-snekkerbukse,
2025-05-19 00:00:00 UTC,Desire S,5,Veldig fornøyd med min nye arbeidsbukse.,published,Sjodna arbeidsbukse,https://florworks.no/products/sjodna-arbeidsbukse,
2025-05-21 00:00:00 UTC,Anne H,5,Ikke brukt buksa enda. Prøvd på. Litt lang i beina med xl på dame 164 cm snart 70. Varmen kom i mai. Nydelig stoff som nok blir mykt og deilig ved bruk.,published,God arbeidsbukse,https://florworks.no/products/2024-god-arbeidsbukse,
2025-05-22 00:00:00 UTC,Ellen N,5,Mest behagelige plagget jeg har hatt på mange år!,published,God snekkerbukse,https://florworks.no/products/2024-god-snekkerbukse,
2025-05-24 00:00:00 UTC,Kjersti R,5,"Flott passform, deilig å ha på, fint med litt strech",published,Bonde t-skjorte - dame,https://florworks.no/products/bonde-t-skjorte-herre,
2025-05-28 00:00:00 UTC,Kjersti K,5,"Super og romslig passform, ingenting strammer, (Jeg er str 42/44) Kraftig men mykt bomulltekstil som tåler en støyt. Føler meg fin i drivhuset! Savner flere lommer; En større lomme for enkelt å putte mobiltelf på høykant, gjerne på låret. En lomme på venstre bein, ikke alltid hagesaks og ting er i høyre hånd. Borrelåsen i siden kan bli fort slitt når den alltid må åpnes ved av og på kledning. Kan den flyttes bak knapperekka? En liten reparasjonslapp og tråd kan også vurderes lagt ved, i tillegg til plasteret :) Jeg kjøpte også shorts og forkle - like happy der også!",published,God snekkerbukse,https://florworks.no/products/2024-god-snekkerbukse,
2025-05-28 00:00:00 UTC,Kjersti K,5,"God passform og gode lommer. Romslig størrrlse, Jeg kjøpte XL, er str 42/44 Syntetiske tekstiler blir alltid klamme, men elastisiteten balanserer den ulempen",published,Slåttonn arbeidsshorts,https://florworks.no/products/2024-slattonn-arbeidsshorts,
2025-06-01 00:00:00 UTC,Tonje K,5,"Disse sokkene digger jeg. Myke, solide, gode, behagelige og fine farger og ikke minst - beste utsagnet under! Rett og slett Godt jobba FLOR!",published,2025 var skrytesokk 2pk,https://florworks.no/products/2025-var-skrytesokk-2pk,
2025-06-02 00:00:00 UTC,Kjersti R,5,God passform og deilig med stretch,published,Hage t-skjorte,https://florworks.no/products/2025-hage-t-skjorte,
2025-06-05 00:00:00 UTC,Anette K,5,"Super bukse til mitt bruk, som er hagearbeid. Litt høy på livet, men det går fint å brette linningen ned. Muligheten for å stramme inn i midjen er super. Myk og god å jobbe i. Størrelsen var akkurat som målene oppga og passet meg utmerket.",published,Våronn arbeidsbukse,https://florworks.no/products/varonn-arbeidsbukse,
2025-06-06 00:00:00 UTC,Kjersti H,5,Super å ha på. Veldig behagelig,published,Hage t-skjorte,https://florworks.no/products/2025-hage-t-skjorte,
2025-06-12 00:00:00 UTC,Liss M,5,"Behagelig å ha på, god passform og solid i sømmen! Flere venninner har prøvd den og vil også bestille!",published,God snekkerbukse,https://florworks.no/products/2024-god-snekkerbukse,
2025-06-13 00:00:00 UTC,Eli M,5,"Elsker den nye buksa mi, heilt glimrande til arbeidsbukse!!",published,God snekkerbukse,https://florworks.no/products/2024-god-snekkerbukse,
2025-06-13 00:00:00 UTC,Reidun K,5,"Skikkelig fin og behagelig bukse! Sitter godt på, og bra at den kan tilpasses i midjen. Buksen er veldig stor i størrelsen, jeg gikk én størrelse ned, men kunne nesten gått ned to.",published,God snekkerbukse,https://florworks.no/products/2024-god-snekkerbukse,
2025-06-16 00:00:00 UTC,Martine M,5,"Denne arbeidsbukser er den desidert beste arbeidsbuksa jeg har hatt, den tåler alt jeg holder på med, perfekt passform, kan justeres på de rette stedene, liker opphøyde kanten bak, akkurat nok flex og stretch også på de viktige stedene. Den er altså en fantastisk arbeidsbukse, som i tillegg ser vanvittig bra ut.",published,God arbeidsbukse,https://florworks.no/products/2024-god-arbeidsbukse,
2025-06-17 00:00:00 UTC,Andrea K,5,"Deilig stretch, nydelig farge og i det hele tatt en utrolig behagelig arbeidsbukse!",published,God snekkerbukse,https://florworks.no/products/2024-god-snekkerbukse,
2025-06-17 00:00:00 UTC,Liv F,5,"Snekkerbuksa er akkurat som lovet: God snekkerbukse. Med justerbar midje og justerbare borrelåser ved foten, kan den tilpasses det meste! Bruker til vanlig L/XL og denne var stor nok i XL. God bevegelighet og rett og slett skikkelig behagelig å gå i.",published,God snekkerbukse,https://florworks.no/products/2024-god-snekkerbukse,
2025-06-20 00:00:00 UTC,Gunn Å,5,Veldig god bukse,published,Våronn arbeidsbukse,https://florworks.no/products/varonn-arbeidsbukse,
2025-06-21 00:00:00 UTC,Martine M,5,Like god som God arbeidsbukse 🥰,published,Solskin arbeidsshorts,https://florworks.no/products/2025-solskin-arbeidsshorts,
2025-06-22 00:00:00 UTC,Mia Ø,5,Helt super arbeidsbukse!,published,God snekkerbukse,https://florworks.no/products/2024-god-snekkerbukse,
2025-06-22 00:00:00 UTC,Solveig G,5,"Godt stoff, fine og praktiske lommer og flott passform. Nydelig grønnfarge!",published,Hage forkle - lang modell,https://florworks.no/products/ny-flor-kjeledress,
2025-06-24 00:00:00 UTC,Lisbeth S,5,"Har ikke brukt str.small på mange år, men denne har en utrolig god stretchkvalitet, som gjør at den sitter godt uten å virke trang. Flott farge, som passer fint som arbeidsbukse på Felleskjøpet💚",published,Våronn arbeidsbukse,https://florworks.no/products/varonn-arbeidsbukse,
2025-06-28 00:00:00 UTC,Maria K,3,Fin men for stor i størrelse måtte sende tilbake. Synd man ikke kan velge lengde på buksa heller :/,published,God snekkerbukse,https://florworks.no/products/2024-god-snekkerbukse,
2025-07-01 00:00:00 UTC,Una E,5,Den var så fin at ho blir brukt til alt anna enn gardsarbeid,published,Dongeri arbeidsskjorte,https://florworks.no/products/2025-dongeri-arbeidsskjorte,
2025-07-04 00:00:00 UTC,Marianne M,5,"Jeg har fargen grønn i str L. Er 183 lang og 73 kg. Den er romslig på . Jeg liker ikke trange klær , så her passer Flor perfekt for meg. Det er fortsatt ingen som lager lange nok klær til oss lange damer (synd man ikke kan få velge i to lengder). Men jeg gir den et lite oppbrett, så passer den perfekt til mine arbeidsboots. Jeg bruker buksa mye under våronna og ellers ved arbeid med ku. Den tåler skikkelig arbeid og stoffet holder godt! Anbefales. Jeg ønsker meg en til i den nydelige blåfargen 🤩",published,God snekkerbukse,https://florworks.no/products/2024-god-snekkerbukse,
2025-07-05 00:00:00 UTC,Beate,5,"Flott redesignet, sitter godt på.",published,flor redesign barneforklede,https://florworks.no/products/flor-redesign-barneforklede,
2025-07-05 00:00:00 UTC,Britt,5,Fin hatt!,published,flor redesign bottehatt,https://florworks.no/products/flor-redesign-bottehatt,
2025-07-06 00:00:00 UTC,Ida-Mari H,5,"Veldig god og behagelig snekkerbukse. Stoffet virker å være slitesterkt. ELSKER den lille lomma på brystet! Hadde kjeledressen fra Flor fra før i størrelse M, og bestilte en størrelse ned på denne da det sto at buksa kunne være litt stor i størrelsen. Passer perfekt, med gode justeringsmuligheter både på stroppene, rundt midja og ankler. Har plass til å både ha en tynn bukse/tights og genser under, uten at den er for stor dersom jeg kun skal ha på t-skjorte.",published,God snekkerbukse,https://florworks.no/products/2024-god-snekkerbukse,
2025-07-08 00:00:00 UTC,Signe A,5,"Nydelig t-skjorte, normal i størrelse og rask levering",published,Flor logo t-skjorte,https://florworks.no/products/flor-logo-t-skjorte,
2025-07-09 00:00:00 UTC,Linda S,5,"Perfekt og behagelig arbeidsbukse i jobb på gården. Fin passform, eneste jeg savner er ei lomme med plass til telefonen. Brystlommen er akkurat for liten til Android telefon",published,God snekkerbukse,https://florworks.no/products/2024-god-snekkerbukse,
2025-07-10 00:00:00 UTC,S,5,Veldig behangelig! Favoritt fra nå av🤩,published,Bonde t-skjorte - dame,https://florworks.no/products/bonde-t-skjorte-herre,
2025-07-15 00:00:00 UTC,Nina,5,Beste buksa jeg har! Romslig i størrelsen.,published,Våronn arbeidsbukse,https://florworks.no/products/varonn-arbeidsbukse,
2025-07-15 00:00:00 UTC,Mona,5,God T-skjorte med bra størrelse,published,Kvardag t-skjorte,https://florworks.no/products/kvardag-t-skjorte,
2025-07-16 00:00:00 UTC,Tone,5,"Kjempegod å ha på, svært fornøyd. Stor i størrelsen, alle veier.",published,God snekkerbukse,https://florworks.no/products/2024-god-snekkerbukse,
2025-07-19 00:00:00 UTC,Anne G,5,God passform med tilpasningsmuligheter. Har nettopp kjøpt par nr. 2.,published,Våronn arbeidsbukse,https://florworks.no/products/varonn-arbeidsbukse,
2025-07-21 00:00:00 UTC,Synøve,3,"God kvalitet og behagelig å ha på, men veldig romslig rundt overarmene. Jeg fulgte størrelsestabellen og er bred i overkroppen, men allikevel sto den rett ut som «vinger»på skuldrene. Puttet jeg hendene godt nedi lommene ble den ok. Virker ikke til å passe så godt til dem med mye pupp.😜 Syns også halslinningen ble litt i tetteste laget. Fargen er litt mer grønnbrun enn varm brun.",published,2025 sor vest,https://florworks.no/products/nord-vest,
2025-07-21 00:00:00 UTC,Vibeke L,4,Veldig fin bukse. Litt lang i bena for meg som er litt bred over baken i forhold til høyden min,published,God snekkerbukse,https://florworks.no/products/2024-god-snekkerbukse,
2025-07-22 00:00:00 UTC,AK,5,Komfortabel og god bukse.,published,God snekkerbukse,https://florworks.no/products/2024-god-snekkerbukse,
2025-07-24 00:00:00 UTC,Una E,5,Sommarens beste kjøp. Fungerer perfekt med badetøy under for oss som har ei elv å bada i inn i mellom arbeidsøktene,published,Hage arbeidskjole,https://florworks.no/products/2025-hage-arbeidskjole,
2025-07-26 00:00:00 UTC,Annette,5,"Fenomenal passform, god å bevege seg i og kommer på rett sted!",published,Slåttonn arbeidsshorts,https://florworks.no/products/2024-slattonn-arbeidsshorts,
2025-07-28 00:00:00 UTC,Tone,5,Behagelig plagg,published,Hage arbeidsskjorte,https://florworks.no/products/2024-hage-arbeidsskjorte-1,
2025-07-28 00:00:00 UTC,Vibeke L,5,"Jeg elsker denne buksen, så enkelt er det!",published,Våronn arbeidsbukse,https://florworks.no/products/varonn-arbeidsbukse,
2025-07-31 00:00:00 UTC,Kia,5,God passform. Som beskrevet. Veldig behagelig.,published,Slåttonn arbeidsshorts,https://florworks.no/products/2024-slattonn-arbeidsshorts,
2025-07-31 00:00:00 UTC,Elin J,4,"Veldig god bukse med god stretch, og behageleg å jobbe i. Det einaste eg har å utsette på ho er at eg skulle ønske det var ein smalare modell utan «ridebukselår». Eg har ikkje det fenomenet og det blir sjåande litt rart ut når eg ikkje fyller ut i det området.",published,Våronn arbeidsbukse,https://florworks.no/products/varonn-arbeidsbukse,
2025-08-05 00:00:00 UTC,Ane,5,"God passform, fleksibel og veldig behagelig å ha på. Behaglig stoff!",published,Solskin arbeidsshorts,https://florworks.no/products/2025-solskin-arbeidsshorts,
2025-08-09 00:00:00 UTC,Leonora,5,Good soft think quality,published,2025 var skrytesokk 2pk,https://florworks.no/products/2025-var-skrytesokk-2pk,
2025-08-09 00:00:00 UTC,Evy,4,"Fantastisk gode bokser! Brukes hele tiden ute i stallen. Mangler ikke lommer som kan bli et problem, men ikke hær! Gode å gå i for å sjekke til dyrene på beite, veldig god bevegelighet i boksen! Nesten slik jeg velge denne forran turboksen! Eneste minuset for meg er at jeg ønsker den 4-5cm lenger i beina da jeg har lange bein.",published,Fiks håndverksbukse,https://florworks.no/products/fiks-handverksbukse,
2025-08-22 00:00:00 UTC,Geir O,4,God jakke,published,Nær mellomlagsjakke,https://florworks.no/products/naer-mellomlagsjakke,
2025-08-28 00:00:00 UTC,Birgitte,2,"Veldig liten i str, måtte gå opp to størrelser.",published,Snedden tights,https://florworks.no/products/2025-snedden-tights,
2025-08-30 00:00:00 UTC,Sabina H,4,Nydelig genser og farge. Sitter fint. Skulle ønske den bare var bomull,published,Flor bomullsgenser,https://florworks.no/products/2025-flor-bomullsgenser,
2025-09-03 00:00:00 UTC,Siv,5,"God passform, deilig mykt materiale. Anbefales!",published,God snekkerbukse,https://florworks.no/products/2024-god-snekkerbukse,
2025-09-08 00:00:00 UTC,Margrete S,5,Helt super. Anvendelig og god å gå med. Positivt med lomme til mobilen.,published,Flor bomullsgenser,https://florworks.no/products/2025-flor-bomullsgenser,
2025-09-09 00:00:00 UTC,Ida G,4,"Godt stoff! Jeg kunne ønsket en kortere modell, men det er likevel den beste buksa på passform. Jeg har store lår og rumpe og tynn i livet.",published,Våronn arbeidsbukse,https://florworks.no/products/varonn-arbeidsbukse,
2025-09-20 00:00:00 UTC,renathe,5,Sitter fint på,published,Fiks håndverksbukse,https://florworks.no/products/fiks-handverksbukse,
2025-09-21 00:00:00 UTC,Stine D,5,"Meget behagelig å arbeide i, strammer ingen plasser. Er som å ha på en turbukse. Som håndverker i 20 år har jeg prøvd en del arbeidsbukser, men denne er en av de beste buksene jeg har brukt.",published,Fiks håndverksbukse,https://florworks.no/products/fiks-handverksbukse,
2025-09-26 00:00:00 UTC,Line R,5,"Veldig bra jakke, med god bevegelsesfrihet. Anbefales",published,synleg skalljakke,https://florworks.no/products/synleg-skalljakke,
2025-09-29 00:00:00 UTC,Elizabeth E,5,Lett og behagelig med gode lommer og høy krage. Flott med mange reflekser. God kvalitet på glidelåsene.,published,synleg skalljakke,https://florworks.no/products/synleg-skalljakke,
2025-09-30 00:00:00 UTC,MAGNHILD S,3,Hard strech. Vanskelig å få på seg. Små i størrelse,published,Snedden tights,https://florworks.no/products/2025-snedden-tights,
2025-09-30 00:00:00 UTC,Lisbeth J,4,Mangler ei stjerne ifra mæ fordi at hundehåran elska den thigtsen🙈☺️😀,published,Snedden tights,https://florworks.no/products/2025-snedden-tights,
2025-10-01 00:00:00 UTC,Marianne M,4,"Veldig god og solid hettejakke. En stjerne i trekk pga lengde på ermer og en litt kranglete glidelås. Jeg må ofte kjøpe XL hos dere for å få klærne lange nok.Så mitt ønske er at dere kanskje kan starte en serie med TALL. Vi er mange lange damer i Norgen nå 😇 Både lengde i ermer, genser/jakke-lengde og buksene. Som alltid er jeg veldig fornøyd med produktene fra dere 🥰",published,Flor hettejakke,https://florworks.no/products/2025-flor-hettejakke,
2025-10-06 00:00:00 UTC,Silje T,5,Rask bestilling og levering. Flott produkt!,published,smagodt skal,https://florworks.no/products/smagodt-skal,
2025-10-13 00:00:00 UTC,Anne-Line N,5,"Er veldig fornøyd med jakka. Den er super nå på høsten til det meste, til og fra jobb, ut for å lufte bikkja, en rask tur i stallen osv. Opplever at den har veldig god kvalitet, og i tillegg er den varm og god:) En kollega har også bestilt lik etter at jeg har brukt den på jobb.",published,Ullfleece,https://florworks.no/products/2025-udla-fleecejakke,
2025-10-13 00:00:00 UTC,Solveig W,5,"Elsker buksa. Den er god å bevege seg i, har nok tilpasningsmuligheter, og kjennes stødig i stoffet. Elastikken på selene bakpå ryggen hadde overraskende mye å si, og er helt nydelig. Jeg har foreløpig brukt den til hagearbeid, rydding i bod og bygging innendørs, og er kjempefornøyd. Anbefales!",published,God snekkerbukse,https://florworks.no/products/2024-god-snekkerbukse,
2025-10-14 00:00:00 UTC,Martine M,5,Elsker ulltøyet,published,2025 inst arbeidsull troye med rund hals,https://florworks.no/products/2025-inst-arbeidsull-troye-med-rund-hals,
2025-10-17 00:00:00 UTC,Anne G,4,Kjempefin,published,Dongeri arbeidsskjorte,https://florworks.no/products/2025-dongeri-arbeidsskjorte,
2025-10-22 00:00:00 UTC,Nina,5,"Fantastisk bukse! Sitter veldig bra, former seg nesten litt etter kroppen jo mer man bruker den. Har allerede anbefalt den videre.",published,God snekkerbukse,https://florworks.no/products/2024-god-snekkerbukse,
2025-10-23 00:00:00 UTC,Ragnhild S,5,"Så fornøyd med tightsen, var lurt å gå opp en størrelse.",published,Snedden tights,https://florworks.no/products/2025-snedden-tights,
2025-10-23 00:00:00 UTC,Tove D,5,Jeg er storfornøyd og anbefalt denne til flere venninner. Blir nok både tur og arbeidsbukse,published,Sjodna arbeidsbukse,https://florworks.no/products/sjodna-arbeidsbukse,
2025-10-24 00:00:00 UTC,Ragnhild,5,"Godt stoff, perfekt passform! Like fin på kontoret som til fritid og til arbeid.",published,Hage arbeidskjole,https://florworks.no/products/2025-hage-arbeidskjole,
2025-10-24 00:00:00 UTC,Stines e,5,"Dette er tilbakemelding fra hun jeg kjøpte buksen, men hun er så fornøyd og kvier seg for å bruke buksen til å jobbe siden den er for god og for fin ;)",published,God snekkerbukse,https://florworks.no/products/2024-god-snekkerbukse,
2025-10-25 00:00:00 UTC,Åslaug V,5,Flott passform,published,Våronn arbeidsbukse,https://florworks.no/products/varonn-arbeidsbukse,
2025-10-28 00:00:00 UTC,Trine,5,Beste pannebåndet jeg har😍,published,Ullpanneband,https://florworks.no/products/2025-inst-arbeidsull-panneband,
2025-11-03 00:00:00 UTC,Signe-Lise J,5,"Flott hodeplagg, men str L ble nok vedig stor, så jeg må sy den inn selv. Tror det skal gå fint.",published,Hairtex skaut / fjøslue,https://florworks.no/products/hairtex-skaut,
2025-11-04 00:00:00 UTC,Vilde,5,"Myk, behagelig og god passform! Bra at den rekker litt ned over rumpa.",published,Skog flanellskjorte,https://florworks.no/products/2025-skog-flanellskjorte,
2025-11-05 00:00:00 UTC,Anita L,2,"God og ha på seg,men halsen ble slakk og i uform etter få vask",published,Vår bomullsgenser,https://florworks.no/products/2025-var-bomullsgenser,
2025-11-06 00:00:00 UTC,Ida G,5,"Veldig mykt for, behagelig å ha på. Jakka er varm!",published,Skog flanellskjorte,https://florworks.no/products/2025-skog-flanellskjorte,
2025-11-15 00:00:00 UTC,Marianne E,5,Myk og behagelig på. God å jobbe i.,published,God arbeidsbukse,https://florworks.no/products/2024-god-arbeidsbukse,
2025-11-16 00:00:00 UTC,Benedicte S,5,Henger godt på. Supre plaster!,published,Flor plaster,https://florworks.no/products/flor-plaster,
2025-11-17 00:00:00 UTC,Åse V,5,Nydelig passform! Helt ypperlig arbeidsbekledning!,published,synleg skalljakke,https://florworks.no/products/synleg-skalljakke,
2025-11-17 00:00:00 UTC,Hilde S,5,perfekt passform - gleder meg til å teste den ut,published,Synleg håndverksbukse,https://florworks.no/products/synleg-handverksbukse,
2025-11-17 00:00:00 UTC,Camilla S,5,"God i stoffet, god i størrelsen, godkjent av lillemann!",published,Flor barnedress,https://florworks.no/products/flor-barnedress,
2025-11-20 00:00:00 UTC,Una E,5,"Super jakke, god passform, mjuk og ledig og likevel tett",published,synleg skalljakke,https://florworks.no/products/synleg-skalljakke,
2025-11-21 00:00:00 UTC,Berit H,5,Veldig bra. Dette er bukse nr 3 for meg i samme modell. God passform og gode lommer som er riktig plassert,published,Våronn arbeidsbukse,https://florworks.no/products/varonn-arbeidsbukse,
2025-11-22 00:00:00 UTC,Åse V,5,God passform og god i størrelsen!,published,Synleg håndverksbukse,https://florworks.no/products/synleg-handverksbukse,
2025-11-25 00:00:00 UTC,Wenche J,5,"Veldi go, holder farge og fasong perfekt. Kjøpte en burgunder farget for 2 år siden å er like fin. Det er ikke de 2 andre arbeidsbuksene jegkjøpte i rosa å gul. Bg er veldig misfarge.",published,Sjodna arbeidsbukse,https://florworks.no/products/sjodna-arbeidsbukse,
2025-11-25 00:00:00 UTC,Kari G,5,"God kundeservice, god brukervennlighet på hjemmeside, rask levering og ikke minst- topp kvalitet på produkt. Kan absolutt anbefales.",published,Flor kjeledress,https://florworks.no/products/ny-flor-kjeledress,
2025-11-27 00:00:00 UTC,Ingrid Å,5,Super behagleg arbeidsbukse,published,Sjodna arbeidsbukse,https://florworks.no/products/sjodna-arbeidsbukse,
2025-11-28 00:00:00 UTC,Sabina H,5,God kvalitet og fin størrelse,published,flor redesign toalettmappe,https://florworks.no/products/flor-redesign-toalettmappe,
2025-12-01 00:00:00 UTC,Berit H,2,Jeg bestilte XL fordi jeg er en bonde på 66 år som ikke er direkte slank. Ble derfor skuffet over at denne ikke var noe videre i bolen enn den jeg allerede har i str L. Trøya blir nok brukt selv om den sitter som et pølseskinn,published,Ulltrøye med høy hals - 100% merinoull,https://florworks.no/products/2025-inst-arbeidsull-troye-med-hoy-hals,
2025-12-09 00:00:00 UTC,Gunhild N,4,"Veldig god passform og komfort! Spent på hvordan stoffet og sømmene holder seg over tid. Ingen grunn til å tro at det ikke holder, men strech er strech.",published,Flor kjeledress,https://florworks.no/products/ny-flor-kjeledress,
2025-12-14 00:00:00 UTC,Ingrid,5,Veldig fornøyd! Brukes til arbeid utendørs og friluftsliv. Slitesterk og sitter godt på.,published,Våronn arbeidsbukse,https://florworks.no/products/varonn-arbeidsbukse,
2025-12-29 00:00:00 UTC,Lene,3,"Liten i størrelselsen og ikkje så mjuk og ""stretchy"" som sist ullkolleksjon. Har XL i sist kolleksjon (skogsgrønn og gul, der XL var romsleg og god), no er XXL i minste laget. Kjem likevel til å behalde settet.",published,Ulltrøye med høy hals - 100% merinoull,https://florworks.no/products/2025-inst-arbeidsull-troye-med-hoy-hals,
2026-01-04 00:00:00 UTC,Ida,5,"Lang og god i ermane, perfekt stretch i stoffet. Eg brukar min heile tida - enten med masse ull under, eller berre med undertøy - alt etter årstida :)",published,Flor kjeledress,https://florworks.no/products/ny-flor-kjeledress,
2026-01-05 00:00:00 UTC,Ingrid,2,"Litt for kort på ermane for min smak, liker å kunne dra ermene godt over hånda.",published,Skog flanellskjorte,https://florworks.no/products/2025-skog-flanellskjorte,
2026-01-14 00:00:00 UTC,Anna,5,"Deilig passform, varm, lett bevege seg i, smidig glidelås. Jeg har bare lyst bruke denne. Har rød, elsker også fargen",published,Nær mellomlagsjakke,https://florworks.no/products/naer-mellomlagsjakke,
2026-01-19 00:00:00 UTC,Suzanne K,3,"Jeg elsker buksa, men jeg er ikke glad i trykknapper. Har tilsvarende bukse i gul med andre knapper som jeg synes er bedre.",published,Våronn arbeidsbukse,https://florworks.no/products/varonn-arbeidsbukse,
2026-01-20 00:00:00 UTC,Linda S,3,"En fornyet utgave av buksen, som jeg har kjøpt tidligere. Den nye versjonen har ikke glidelås nede på foten og da ikke mulig å tre buksen utenpå vintersko, noe jeg syns er dumt. Kun borrelås for å stramme inn , og borrelås nede på ei bukse er noe ""drit"" spør du meg. Lommene over kneene til å legge beskyttelsesputer i er borte, synd da dette er en arbeidsbukse. Men den har fortsatt fin passform, litt stor i størrelsen og behagelig å ha på.",published,God arbeidsbukse,https://florworks.no/products/2024-god-arbeidsbukse,
2026-01-22 00:00:00 UTC,Margit S,5,Utrolig flott skjorte!,published,Hage arbeidsskjorte,https://florworks.no/products/2024-hage-arbeidsskjorte-1,
2026-01-23 00:00:00 UTC,Dana,5,Den beste arbeidsbukse som finnes på markedet ❤️,published,Våronn arbeidsbukse,https://florworks.no/products/varonn-arbeidsbukse,
2026-01-23 00:00:00 UTC,Hilde S,5,"Deilig myk mot kroppen, god bevegelighet og er blant mine Flor favoritter.",published,Nær mellomlagsjakke,https://florworks.no/products/naer-mellomlagsjakke,
2026-01-24 00:00:00 UTC,Linda S,4,"Flott jakke,men litt kort i ryggen til meg. Så savner jeg VELDIG en stor brystlomme med glidelås til mobilen. Er bonde og jobber mye ute, så telefonen blir et ""must"" og ikke bare for meg vil jeg tro. Linda Selnes",published,Nær mellomlagsjakke,https://florworks.no/products/naer-mellomlagsjakke,
2026-01-27 00:00:00 UTC,Anne M,5,"Behagelig i bruk, solid og slitesterk",published,Flor kjeledress,https://florworks.no/products/ny-flor-kjeledress,
2026-01-28 00:00:00 UTC,Marianne M,5,"Kjempe fint sydd. Myk og godt stoff og fin innstrammings detalj i midjen. Nydelig farge. Jeg kunne nok ha bestilt en mindre størrelse, men det var nok jeg som måle meg selv litt feil.",published,God snekkerbukse,https://florworks.no/products/2024-god-snekkerbukse,
2026-01-29 00:00:00 UTC,Morten E,4,"Kåno er godt fornøyd,einaste ho savna er høgere hals.",published,Flor kjeledress,https://florworks.no/products/ny-flor-kjeledress,
2026-01-29 00:00:00 UTC,Jannicke S,5,Beste arbeidsbuksa jeg noen gang har hatt!!,published,Sjodna arbeidsbukse,https://florworks.no/products/sjodna-arbeidsbukse,
2026-02-02 00:00:00 UTC,Joyce M,5,Kjempe bra,published,Våronn arbeidsbukse,https://florworks.no/products/varonn-arbeidsbukse,
2026-02-02 00:00:00 UTC,Kjersti R,5,"Elsker disse, dette er min tredje😀 bruker den hver dag",published,Våronn arbeidsbukse,https://florworks.no/products/varonn-arbeidsbukse,
2026-02-02 00:00:00 UTC,Marianne T,5,Veldig fin og gleder meg til å gi dem bort.,published,smagodt skal,https://florworks.no/products/smagodt-skal,
2026-02-03 00:00:00 UTC,Inger H,5,Veldig god og myk genser👌,published,Vår bomullsgenser,https://florworks.no/products/2025-var-bomullsgenser,
2026-02-03 00:00:00 UTC,Ingunn B,3,Bedre passform og stoff på andre modellar t.d. våronn,published,God arbeidsbukse,https://florworks.no/products/2024-god-arbeidsbukse,
2026-02-05 00:00:00 UTC,Line,4,"Ganske fornøyd med buksa! På meg er denne ganske vid rundt livet, og jeg skulle gjerne hatt knapper i stedet for borrelås. Ellers fornøyd!",published,God snekkerbukse,https://florworks.no/products/2024-god-snekkerbukse,
2026-02-09 00:00:00 UTC,Albertine,5,"Med mulighet for justering i livet og nederst på bena, er denne buksa helt perfekt . Bruker den ofte på jobb, og privat med bluse. Beste snekkerbuksa! Sjekk størrelse, er store og gode.",published,God snekkerbukse,https://florworks.no/products/2024-god-snekkerbukse,
2026-02-13 00:00:00 UTC,Marlin M,5,"Elsker jakken/skjorten. God kvalitet i stoffet, supert med store lommer. Flott bruke på gården, men også fritid!",published,Dongeri arbeidsskjorte,https://florworks.no/products/2025-dongeri-arbeidsskjorte,
2026-02-14 00:00:00 UTC,Karina B,5,Satt som støpt!,published,Våronn arbeidsbukse Outlet,https://florworks.no/products/varonn-arbeidsbukse-outlet,
2026-02-20 00:00:00 UTC,Frank A,4,Virker veldig bra.,published,Fiks håndverksbukse,https://florworks.no/products/fiks-handverksbukse,
2026-02-24 00:00:00 UTC,"Aarset, M",1,alt for stor - desverre - men eg vil gjerne prøve ein mindre størelse ;),published,Flor kjeledress Outlet,https://florworks.no/products/flor-kjeledress-outlet,
2026-02-27 00:00:00 UTC,Hilde M,5,Fin passform og nydelig kvalitet,published,bonde t skjorte herre,https://florworks.no/products/bonde-t-skjorte-herre,
2026-03-10 00:00:00 UTC,"Aarset, M",5,;),published,Flor kjeledress,https://florworks.no/products/ny-flor-kjeledress,
2026-03-12 00:00:00 UTC,Siren G,5,Denne genseren er utrolig behagelig å gå med. Den lille lommen på høyre side er genial.,published,Flor bomullsgenser,https://florworks.no/products/2025-flor-bomullsgenser,
2026-03-12 00:00:00 UTC,Siren G,5,"Jeg bruker denne buksen i fjøset. God med lommer, og ekstra greit med glidelås på lommen på brystet. Veldig greit med justering i livet og på beina. At stroppene har strikk bak gjør at det et lett å bruke armer/skuldre når man jobber.",published,God snekkerbukse,https://florworks.no/products/2024-god-snekkerbukse,
2026-03-13 00:00:00 UTC,Linda S,5,"Dette er definitivt den beste arbeidsjakken jeg har kjøpt. Flott passform og endelig en brystlomme stor nok til mobilen 👏🤩. Også en bonus at den er tøff å se på, føler meg nesten litt ""kul"" med den på...Nå kan også en bonde se kul ut...🐑🐏",published,Sørvest bomullsjakke,https://florworks.no/products/2026-sorvest-jakke,
2026-03-14 00:00:00 UTC,Tonje B,5,"Akkurat så varm og anvendelig som jeg hadde håpet. Bonus for store lommer. Hadde tenkt å ha den i fjøset, men nå har jeg endt med å bruke den hele tiden. Romslig i størrelse! Og pluss for at halsen varmer nakken.",published,Ullfleece,https://florworks.no/products/2025-udla-fleecejakke,
2026-03-21 00:00:00 UTC,Eldbjørg,5,Elsker disse buksene og bruker bare disse i arbeid! Har 6 stk og kommer til å kjøpe flere. Skulle bare ønske at det var trykknapper på alle fargene.,published,Våronn arbeidsbukse,https://florworks.no/products/varonn-arbeidsbukse,
2026-03-23 00:00:00 UTC,Silje,5,"Har lenge lett etter ei refleksbukse til damer som ikke er alt for dyr. Denne er flott :) Synd den ikke skal produseres mer, men var derfor jeg fikk den såppas rimelig.",published,Synleg håndverksbukse,https://florworks.no/products/synleg-handverksbukse,
2026-03-27 00:00:00 UTC,Charlotte L,5,Fantastisk jakke. God og myk. Flott passform. Anbefaler på det sterkeste. Hadde tenkt å bare bruke i hagen men dette blir nok mi go-to-jakke for alt mulig casual.,published,Sørvest bomullsjakke,https://florworks.no/products/2026-sorvest-jakke,
2026-03-28 00:00:00 UTC,Stine B,5,"Super god bukse i slitesterk bomull. Stor pluss med stretch, at den kan justeres i livet og i beina.",published,God snekkerbukse,https://florworks.no/products/2024-god-snekkerbukse,
2026-03-28 00:00:00 UTC,Liv J,5,Veldig god arbeidsbukse! God kvalitet og passform,published,God snekkerbukse,https://florworks.no/products/2024-god-snekkerbukse,
2026-03-31 00:00:00 UTC,Snorre,5,"Jeg er fornøyd med produktet, men svært skuffet over at jeg ikke fikk noen form for rabatt ved kjøp, dette til tross for at jeg på forhånd kontaktet Floor for å forhøre meg om størrelse/mål og samtidig spurte om det var noen kampanjer og eller rabatter. Fikk da svar at nei det var det ikke og kom heller ikke til å bli med det første. Rett etterbestillingenvar gjort, da kom det en epost med rabattkode for første kjøp. Men den var det for seint åbenytte seg av. Merkelig at dette ikke kunne oppgis når jeg spesifikt spurte om det på forhånd.",published,God snekkerbukse,https://florworks.no/products/2024-god-snekkerbukse,
2026-03-31 00:00:00 UTC,Håkon F,5,Kjempefin og kjæringa synst den passar perfekt,published,God snekkerbukse,https://florworks.no/products/2024-god-snekkerbukse,
2026-04-01 00:00:00 UTC,Ingrid,5,Like fin til jobb som hverdags!,published,Dongeri arbeidsskjorte,https://florworks.no/products/2025-dongeri-arbeidsskjorte,
2026-04-01 09:29:56 UTC,Shamal,,Test,removed,Service reviews,http://www.florworks.no/,
2026-04-04 00:00:00 UTC,Kaia E,5,"God kvalitet på stoff, god konstruksjon og praktiske lommer! Kjempefornøyd 😊",published,Sørvest bomullsjakke,https://florworks.no/products/2026-sorvest-jakke,
2026-04-07 00:00:00 UTC,Anne S,2,Feil passform for meg,published,Cargobukse i bomull,https://florworks.no/products/2026-cargobukse-i-bomull,
2026-04-09 00:00:00 UTC,Marit K,5,Utrolig god passform og stretch.,published,Våronn arbeidsbukse,https://florworks.no/products/varonn-arbeidsbukse,
2026-04-20 10:36:40 UTC,Ida A,5,,,Hage arbeidskjole,https://florworks.no/products/2025-hage-arbeidskjole,
2026-04-20 10:36:43 UTC,Ida A,5,,,Sjodna arbeidsbukse,https://florworks.no/products/sjodna-arbeidsbukse,
2026-04-20 11:00:27 UTC,Magnhild B,5,,,Flor bomullsgenser,https://florworks.no/products/2025-flor-bomullsgenser,
2026-04-20 11:00:39 UTC,Magnhild B,5,Kjempe god arbeidsbukse som er behagelig og myk i stoffet. Gode justeringer så den sitter perfekt☺️👩🏼‍🌾 Brukes hver dag på gården🌾🌸🐑,published,God snekkerbukse,https://florworks.no/products/2024-god-snekkerbukse,
2026-04-20 11:00:42 UTC,Magnhild B,5,,,Flor logo t-skjorte,https://florworks.no/products/flor-logo-t-skjorte,
2026-04-20 11:04:39 UTC,Silje M,5,"Veldig fornøyd, godt og slitesterkt stoff!",published,Hage forkle - kort modell,https://florworks.no/products/hage-forkle-kort,
2026-04-20 15:14:26 UTC,Alex,5,,,Hage forkle - lang modell,https://florworks.no/products/2024-florkle-forkle,
2026-04-20 15:14:32 UTC,Alex,4,,,God snekkerbukse,https://florworks.no/products/2024-god-snekkerbukse,
2026-04-20 15:42:12 UTC,Ingelin S,5,,,God snekkerbukse,https://florworks.no/products/2024-god-snekkerbukse,
2026-04-20 15:42:50 UTC,Linda K,4,,,God snekkerbukse,https://florworks.no/products/2024-god-snekkerbukse,
2026-04-20 16:14:33 UTC,Nina S,5,,,Flor handlenett,https://florworks.no/products/flor-handlenett,
2026-04-20 16:20:59 UTC,Anne-Britt H,5,,,Godt jobba t-skjorte,https://florworks.no/products/2025-godt-jobba-t-skjorte,
2026-04-20 17:20:48 UTC,Elise O,5,Perfekt!,published,Bonde t-skjorte - dame,https://florworks.no/products/2025-bonde-t-skjorte,
2026-04-20 17:21:14 UTC,Elise O,1,Perfekt!,unpublished,Cargobukse i bomull,https://florworks.no/products/2026-cargobukse-i-bomull,
2026-04-20 17:21:26 UTC,Elise O,5,Deilig hettejakke! Trenger flere🥰,published,Flor hettejakke,https://florworks.no/products/2025-flor-hettejakke,
2026-04-20 19:10:36 UTC,Bjørg K,5,,,Slåttonn arbeidsshorts,https://florworks.no/products/2024-slattonn-arbeidsshorts,
2026-04-20 19:10:40 UTC,Bjørg K,5,,,Våronn arbeidsbukse,https://florworks.no/products/varonn-arbeidsbukse,
2026-04-20 19:37:58 UTC,Helene V,5,,,Flor hettejakke,https://florworks.no/products/2025-flor-hettejakke,
2026-04-20 19:38:02 UTC,Helene V,5,,,Flor kjeledress,https://florworks.no/products/ny-flor-kjeledress,
2026-04-21 05:50:32 UTC,Knut A,5,,,Flor kjeledress,https://florworks.no/products/ny-flor-kjeledress,
2026-04-21 09:27:52 UTC,Ruth A,5,,,Våronn arbeidsbukse,https://florworks.no/products/varonn-arbeidsbukse,
2026-04-21 10:16:18 UTC,Marianne W,5,,,Sjodna arbeidsbukse,https://florworks.no/products/sjodna-arbeidsbukse,
2026-04-21 10:16:25 UTC,Marianne W,1,,,Sjodna arbeidsbukse,https://florworks.no/products/sjodna-arbeidsbukse,
2026-04-21 10:37:46 UTC,Hanna E,4,God bukse å ha på. Eneste er at jeg føler lommene og knappene er på motsatt side enn hva jeg hadde foretrukket😅,published,Cargobukse i bomull,https://florworks.no/products/2026-cargobukse-i-bomull,
2026-04-21 10:53:39 UTC,Tine E,5,,,Flor kjeledress,https://florworks.no/products/ny-flor-kjeledress,
2026-04-21 12:32:16 UTC,Kari-Lise K,5,,,Cargobukse i bomull,https://florworks.no/products/2026-cargobukse-i-bomull,
2026-04-21 13:46:04 UTC,Anne-Line N,4,,,Vår bomullsgenser,https://florworks.no/products/2025-var-bomullsgenser,
2026-04-21 17:58:46 UTC,Ane T,5,,,Flor bomullsgenser,https://florworks.no/products/2025-flor-bomullsgenser,
2026-04-22 06:51:14 UTC,Maria S,4,,,Kjeledress i bomull,https://florworks.no/products/2026-odla-kjeledress,
2026-04-23 07:11:08 UTC,Inger S,5,,,God snekkerbukse,https://florworks.no/products/2024-god-snekkerbukse,
2026-04-23 07:11:11 UTC,Inger S,5,,,Flor logo t-skjorte,https://florworks.no/products/flor-logo-t-skjorte,
2026-04-23 09:44:44 UTC,Malin D,5,,,Flor barnedress,https://florworks.no/products/flor-barnedress,
2026-04-23 09:45:35 UTC,Trude R,5,,,God snekkerbukse,https://florworks.no/products/2024-god-snekkerbukse,
2026-04-23 09:45:44 UTC,Trude R,5,Fantastisk produkt som gjør hagearbeidet enda bedre🍀,published,Vår bomullsgenser,https://florworks.no/products/2025-var-bomullsgenser,
2026-04-23 10:24:16 UTC,Maria E,5,,,God snekkerbukse,https://florworks.no/products/2024-god-snekkerbukse,
2026-04-23 12:22:28 UTC,Brita H,5,"Behagelig, fin og varm.",published,Ullfleece,https://florworks.no/products/2025-udla-fleecejakke,
2026-04-23 12:23:06 UTC,Brita H,5,Fin og behagelig bukse. Liker at den er i bomull.,published,Cargobukse i bomull,https://florworks.no/products/2026-cargobukse-i-bomull,
2026-04-23 18:22:47 UTC,Marryel V,4,,,Arbeidskniv fra Øyo,https://florworks.no/products/arbeidskniv-fra-oyo,
2026-04-23 18:23:21 UTC,Marryel V,5,,,"Ullsokk med skryt, 2-pk",https://florworks.no/products/ullsokk-med-skryt-2-pk,
2026-04-23 18:23:34 UTC,Marryel V,4,,,Slåttonn arbeidsshorts,https://florworks.no/products/2024-slattonn-arbeidsshorts,
2026-04-23 18:23:36 UTC,Marryel V,5,,,Flor bomullsgenser,https://florworks.no/products/2025-flor-bomullsgenser,
2026-04-23 18:23:37 UTC,Marryel V,5,,,Ullpanneband,https://florworks.no/products/2025-inst-arbeidsull-panneband,
2026-04-24 09:25:44 UTC,Anne S,5,"Super bukse, topp at den er lang i beina. Jeg er 177 cm å str M passet perfekt.",published,God snekkerbukse,https://florworks.no/products/2024-god-snekkerbukse,
2026-04-24 09:54:35 UTC,Lisbeth L,4,Fin bukse. Stor i størrelsen og litt for høy midje etter mitt syn.,published,Sjodna arbeidsbukse,https://florworks.no/products/sjodna-arbeidsbukse,
2026-04-24 11:17:17 UTC,Siv T,4,,,Fiks skalljakke,https://florworks.no/products/fiks-skalljakke,
2026-04-27 06:05:23 UTC,Mette R,4,"Litt stor i størrelsen og etter min smak litt for høy i livet, eller en god bukse.",published,Cargobukse i bomull,https://florworks.no/products/2026-cargobukse-i-bomull,
2026-04-27 11:26:37 UTC,Agnete A,5,"Helt fantastisk - så glad for å slippe vonde bukser med begrenset bevegelighet og funksjonalitet. Dette var en ny verden, gleder meg til å tilbringe tid på verkstedet fremover!",published,Fiks håndverksbukse,https://florworks.no/products/fiks-handverksbukse,
2026-04-27 11:28:17 UTC,Laila H,5,,,2025 inst arbeidsull troye med rund hals,https://florworks.no/products/2025-inst-arbeidsull-troye-med-rund-hals,
2026-04-27 11:33:21 UTC,Cecilie D,5,"Den første high-res buksen som faktisk har passet meg etter over 20 år i industri. Takk, takk, takk!",published,Synleg håndverksbukse,https://florworks.no/products/synleg-handverksbukse,
2026-04-27 12:05:26 UTC,Ragnhild B,5,,,Flor kjeledress,https://florworks.no/products/ny-flor-kjeledress,
2026-04-27 12:19:29 UTC,Mai N,5,,,smagodt skal,https://florworks.no/products/smagodt-skal,
2026-04-27 12:19:41 UTC,Mai N,5,,,Skog flanellskjorte,https://florworks.no/products/2025-skog-flanellskjorte,
2026-04-27 12:38:09 UTC,Camilla A,5,Fin og god å justere,published,God snekkerbukse,https://florworks.no/products/2024-god-snekkerbukse,
2026-04-27 12:40:15 UTC,Gunn H,5,Herlig arbeidsbukse :-),published,Våronn arbeidsbukse,https://florworks.no/products/varonn-arbeidsbukse,
2026-04-27 12:40:55 UTC,Gunn H,5,Herlig arbeidsbukse :-),published,Våronn arbeidsbukse,https://florworks.no/products/varonn-arbeidsbukse,
2026-04-27 14:11:02 UTC,Grete G,5,,,God snekkerbukse,https://florworks.no/products/2024-god-snekkerbukse,
2026-04-27 14:41:30 UTC,Målfrid A,2,Alt for tungt stoff,published,Cargobukse i bomull,https://florworks.no/products/2026-cargobukse-i-bomull,
2026-04-27 14:41:57 UTC,Målfrid A,4,Veldig fornøyd,published,Slåttonn arbeidsshorts,https://florworks.no/products/2024-slattonn-arbeidsshorts,
2026-04-27 14:47:00 UTC,tone ø,5,,,Dongeri arbeidsskjorte,https://florworks.no/products/2025-dongeri-arbeidsskjorte,
2026-04-27 14:47:06 UTC,tone ø,4,,,Sjodna arbeidsbukse,https://florworks.no/products/sjodna-arbeidsbukse,
2026-04-27 14:47:22 UTC,tone ø,5,,,Sjodna arbeidsbukse,https://florworks.no/products/sjodna-arbeidsbukse,
2026-04-27 15:00:09 UTC,Elisabeth R,5,Liker den veldig godt!,published,Kjeledress i bomull,https://florworks.no/products/2026-odla-kjeledress,
2026-04-27 15:10:54 UTC,Britt H,4,"Jeg var usikker på størrelse m eller l, og valgte sistnevnte. Har klippetvekk innlegget i skrittet, og sydd sammen, men fortsatt er buksa i videste laget rundt livet. Kanskje greit om dere sier fra at modellene er laget temmelig romslige. Men flott stoff. Skal nok bli velbrukt i men kjøkkenhage😊",published,God snekkerbukse,https://florworks.no/products/2024-god-snekkerbukse,"Takk for tilbakemelding på snekkerbuksa vår! Buksa er romsleg i storleik som du skriv, og dette står i beskrivinga av produktet. Så bra at du har justert buksa sjølv, og håpar du får mange fine stunder og arbeidsøkter i hagen:)"
2026-04-27 17:34:53 UTC,Ragnhild R,5,,,God snekkerbukse,https://florworks.no/products/2024-god-snekkerbukse,
2026-04-27 17:51:30 UTC,Kaya A,5,,,Symre hudkrem naturell,https://florworks.no/products/symre-hudkrem-naturell,
2026-04-27 17:51:38 UTC,Kaya A,3,,,Nær mellomlagsjakke,https://florworks.no/products/naer-mellomlagsjakke,
2026-04-27 17:51:41 UTC,Kaya A,4,,,Hage arbeidsskjorte,https://florworks.no/products/2024-hage-arbeidsskjorte-1,
2026-04-27 19:21:56 UTC,Monica W,5,Yndlings buksa!,published,God snekkerbukse,https://florworks.no/products/2024-god-snekkerbukse,
2026-04-27 19:22:36 UTC,Monica W,5,Veldig bra hals.,published,Ullhals Outlet,https://florworks.no/products/hals-i-merinoull-2023,
2026-04-28 03:50:42 UTC,Jorun H,5,,,Våronn arbeidsbukse Outlet,https://florworks.no/products/varonn-arbeidsbukse-outlet,
2026-04-28 09:19:43 UTC,Mari,3,,,Sjodna jakke,https://florworks.no/products/sjodna-jakke,
2026-04-28 10:59:13 UTC,Monica A,4,"Perfekt no når det er halvkaldt ute, men vart litt ""naken"" i halsen.",published,Sørvest bomullsjakke,https://florworks.no/products/2026-sorvest-jakke,
2026-04-28 11:00:20 UTC,Monica A,5,,,Slåttonn arbeidsshorts,https://florworks.no/products/2024-slattonn-arbeidsshorts,
2026-04-28 13:51:16 UTC,Kjersti H,5,,,Flor kjeledress,https://florworks.no/products/ny-flor-kjeledress,
2026-04-28 19:07:05 UTC,Lillian H,5,Veldig fin og god,published,Ullhals Outlet,https://florworks.no/products/hals-i-merinoull-2023,
2026-04-28 19:07:31 UTC,Lillian H,3,"Fin og deilig stoff. Trekker ned da knappene ble litt «slitsomme», og knapphullet med håndleddet er for små til å få knappene gjennom. Kunne godt ha lommer som kan lukkes slik at saue horn (gammalnorsk spelsau) ikke hekter seg i lommen og drar meg overendes. Liker bedre den andre kjeledressen dere har.",published,Kjeledress i bomull,https://florworks.no/products/2026-odla-kjeledress,"Hei Lillian, Takk for ærleg tilbakemelding! Knappeholet på håndleddet har litt å gå på, og kan enkelt sprettast litt meir opp med sprettekniv slik at det høver med knappane om ynskjeleg. Innspel om lukka lommer er notert, og heilt lov å lika eit produkt betre enn eit anna:)"
2026-04-29 09:06:32 UTC,Birgitte H,5,,,Hage forkle - lang modell,https://florworks.no/products/2024-florkle-forkle,
2026-04-30 13:10:47 UTC,Sophie G,5,,,God snekkerbukse,https://florworks.no/products/2024-god-snekkerbukse,
2026-04-30 13:10:54 UTC,Sophie G,3,,,Ullpanneband,https://florworks.no/products/2025-inst-arbeidsull-panneband,
2026-05-01 09:44:09 UTC,Turid N,5,,,God snekkerbukse,https://florworks.no/products/2024-god-snekkerbukse,
2026-05-01 11:21:53 UTC,Åsa H,4,,,Symre ansiktskrem med ringblomst og lavendel,https://florworks.no/products/symre-ansiktskrem-med-ringblomst-og-lavendel,
2026-05-01 11:21:59 UTC,Åsa H,5,,,God snekkerbukse,https://florworks.no/products/2024-god-snekkerbukse,
2026-05-01 15:07:14 UTC,Vigdis O,5,,,Flor kjeledress Outlet,https://florworks.no/products/flor-kjeledress-outlet,
2026-05-01 15:07:22 UTC,Vigdis O,5,,,Våronn arbeidsbukse,https://florworks.no/products/varonn-arbeidsbukse,
2026-05-02 05:44:10 UTC,Ada K,4,,,Cargobukse i bomull,https://florworks.no/products/2026-cargobukse-i-bomull,
2026-05-04 09:18:41 UTC,Marlen M,5,,,Vår bomullsgenser,https://florworks.no/products/2025-var-bomullsgenser,
2026-05-04 09:37:37 UTC,Anne S,5,,,God snekkerbukse,https://florworks.no/products/2024-god-snekkerbukse,
2026-05-04 09:56:57 UTC,Elisabeth L,5,,,God snekkerbukse,https://florworks.no/products/2024-god-snekkerbukse,
2026-05-04 10:29:42 UTC,Anne E,5,,,Cargobukse i bomull,https://florworks.no/products/2026-cargobukse-i-bomull,
2026-05-04 10:29:49 UTC,Anne E,5,,,Hage arbeidsskjorte,https://florworks.no/products/2024-hage-arbeidsskjorte-1,
2026-05-04 10:29:55 UTC,Anne E,5,,,Flor logo t-skjorte,https://florworks.no/products/flor-logo-t-skjorte,
2026-05-04 10:30:02 UTC,Anne E,2,,,Hage arbeidsskjorte,https://florworks.no/products/2024-hage-arbeidsskjorte-1,
2026-05-04 10:30:05 UTC,Anne E,2,,,Vår bomullsgenser,https://florworks.no/products/2025-var-bomullsgenser,
2026-05-04 17:55:20 UTC,May M,5,,,God snekkerbukse,https://florworks.no/products/2024-god-snekkerbukse,
2026-05-04 18:11:58 UTC,Christine F,5,,,Synleg håndverksbukse,https://florworks.no/products/synleg-handverksbukse,
2026-05-05 05:56:22 UTC,Erica S,5,,,Kvardag t-skjorte,https://florworks.no/products/kvardag-t-skjorte,
2026-05-05 05:56:43 UTC,Erica S,4,,,God snekkerbukse,https://florworks.no/products/2024-god-snekkerbukse,
2026-05-05 05:56:45 UTC,Erica S,4,"Bra tøy, buksene er store i størrelsen.",published,God snekkerbukse,https://florworks.no/products/2024-god-snekkerbukse,
2026-05-05 07:50:42 UTC,Tore H,5,,,God snekkerbukse,https://florworks.no/products/2024-god-snekkerbukse,
2026-05-05 09:42:55 UTC,Karina Ø,5,"Rask levering, og veldig fornøyd med produktet.",published,Service reviews,http://www.florworks.no/,
2026-05-05 09:48:43 UTC,Veslemøy L,5,,,Flor Redesign - Hagetaske,https://florworks.no/products/flor-redesign-hageveske,
2026-05-05 15:29:47 UTC,Nora S,5,,,God snekkerbukse,https://florworks.no/products/2024-god-snekkerbukse,
2026-05-05 18:08:06 UTC,Torhild G,5,,,Ullfleece,https://florworks.no/products/2025-udla-fleecejakke,
2026-05-05 18:08:08 UTC,Torhild G,5,,,Snedden tights,https://florworks.no/products/2025-snedden-tights,
2026-05-05 19:34:58 UTC,Marianne L,5,,,Nær mellomlagsjakke,https://florworks.no/products/naer-mellomlagsjakke,
2026-05-05 19:35:02 UTC,Marianne L,5,,,God snekkerbukse,https://florworks.no/products/2024-god-snekkerbukse,
2026-05-07 08:11:55 UTC,Gundrun B,5,,,Kjeledress i bomull,https://florworks.no/products/2026-odla-kjeledress,
2026-05-07 08:12:03 UTC,Gundrun B,5,,,God snekkerbukse,https://florworks.no/products/2024-god-snekkerbukse,
2026-05-08 05:38:50 UTC,Therese G,5,Funker bra i lamminga,published,Sjodna arbeidsbukse,https://florworks.no/products/sjodna-arbeidsbukse,
2026-05-10 21:40:36 UTC,Tone M,5,,,Kvardag t-skjorte,https://florworks.no/products/kvardag-t-skjorte,
2026-05-10 21:40:43 UTC,Tone M,5,,,Våronn arbeidsbukse Outlet,https://florworks.no/products/varonn-arbeidsbukse-outlet,
2026-05-11 11:43:11 UTC,Maria L,4,,,Cargobukse i bomull,https://florworks.no/products/2026-cargobukse-i-bomull,
2026-05-11 13:18:29 UTC,Geirid E,5,,,Hage forkle - kort modell,https://florworks.no/products/hage-forkle-kort,
2026-05-11 13:23:30 UTC,Yvonne M,5,,,Hage t-skjorte,https://florworks.no/products/2025-hage-t-skjorte,
2026-05-11 13:23:37 UTC,Yvonne M,5,,,Slåttonn arbeidsshorts,https://florworks.no/products/2024-slattonn-arbeidsshorts,
2026-05-11 13:23:40 UTC,Yvonne M,5,,,God snekkerbukse,https://florworks.no/products/2024-god-snekkerbukse,
2026-05-11 17:15:39 UTC,Signe F,4,,,Cargobukse i bomull,https://florworks.no/products/2026-cargobukse-i-bomull,
2026-05-11 18:22:33 UTC,Heidi J,5,Super arbeidsbukse,published,God snekkerbukse,https://florworks.no/products/2024-god-snekkerbukse,
2026-05-12 19:13:59 UTC,Siri S,5,"Endelig en bukse som passer min litt frodige kropp. God høyde i livet, god passform i midjen og i lår for ei som har stort avvik mellom midje og lår. Deilig stoff og utrolig digg bukse å gå med. En skikkelig favoritt som mannen er misunnelig på.",published,Cargobukse i bomull,https://florworks.no/products/2026-cargobukse-i-bomull,
2026-05-14 09:11:54 UTC,Ann K,5,,,Service reviews,http://www.florworks.no/,
2026-05-14 09:12:02 UTC,Inger A,4,,,Cargobukse i bomull,https://florworks.no/products/2026-cargobukse-i-bomull,
2026-05-14 09:12:09 UTC,Inger A,4,,,Sørvest bomullsjakke,https://florworks.no/products/2026-sorvest-jakke,
2026-05-14 10:07:48 UTC,Nadine W,5,"Veldig nøgd! Eg bruker vanlegvis S og kjøpte XS. Buksa er enda litt stor, men kan justerast slik at det går heilt fint. Anbefaler!",published,God snekkerbukse,https://florworks.no/products/2024-god-snekkerbukse,
2026-05-14 12:21:29 UTC,Eldbjørg L,5,,,Hage forkle - lang modell,https://florworks.no/products/2024-florkle-forkle,
2026-05-15 10:55:39 UTC,Inger E,5,,,Cargobukse i bomull,https://florworks.no/products/2026-cargobukse-i-bomull,
2026-05-18 06:58:13 UTC,Elisabeth H,4,,,God snekkerbukse,https://florworks.no/products/2024-god-snekkerbukse,
2026-05-18 06:58:16 UTC,Elisabeth H,5,,,Flor kjeledress,https://florworks.no/products/ny-flor-kjeledress,
2026-05-18 07:08:01 UTC,Inger H,5,,,God snekkerbukse,https://florworks.no/products/2024-god-snekkerbukse,
2026-05-18 11:58:05 UTC,Christian W,5,,,Våronn arbeidsbukse,https://florworks.no/products/varonn-arbeidsbukse,
2026-05-18 12:08:53 UTC,Veslemøy L,5,,,Kjeledress i bomull,https://florworks.no/products/2026-odla-kjeledress,
2026-05-18 12:26:09 UTC,Hilde S,4,,,symre handkrem 30 ml,https://florworks.no/products/symre-handkrem-30-ml,
2026-05-18 12:26:26 UTC,Hilde S,4,,,Cargobukse i bomull,https://florworks.no/products/2026-cargobukse-i-bomull,
2026-05-18 15:03:04 UTC,Britt J,5,Kjempefin,published,smagodt skal,https://florworks.no/products/smagodt-skal,
2026-05-18 15:03:16 UTC,Britt,5,,,Lett ull t-skjorte,https://florworks.no/products/2026-lett-ull-t-skjorte,
2026-05-18 21:32:00 UTC,Liv B,5,,,Cargobukse i bomull,https://florworks.no/products/2026-cargobukse-i-bomull,
2026-05-19 07:48:32 UTC,Sirianne M,5,,,Bonde t-skjorte - dame,https://florworks.no/products/2025-bonde-t-skjorte,
2026-05-19 08:40:46 UTC,Elise G,5,,,God snekkerbukse,https://florworks.no/products/2024-god-snekkerbukse,
2026-05-19 08:40:53 UTC,Elise G,2,,,Vår bomullsgenser,https://florworks.no/products/2025-var-bomullsgenser,
2026-05-19 13:34:32 UTC,pia w,5,,,Flor kjeledress,https://florworks.no/products/ny-flor-kjeledress,
2026-05-20 09:22:13 UTC,Johanne S,5,"Komfortabel, god passform som kan justeres etter individuelle behov.",published,Flor kjeledress,https://florworks.no/products/ny-flor-kjeledress,
2026-05-20 15:45:39 UTC,Liv M,4,,,Flor kjeledress,https://florworks.no/products/ny-flor-kjeledress,
2026-05-21 11:01:25 UTC,Sveinung H,4,,,Flor gavekort - den perfekte gaven!,https://florworks.no/products/flor-gavekort-den-perfekte-gaven,
2026-05-21 11:47:30 UTC,Mie S,5,,,Service reviews,http://www.florworks.no/,
2026-05-21 13:00:26 UTC,Dordi B,5,,,Hage arbeidsskjorte,https://florworks.no/products/2024-hage-arbeidsskjorte-1,
2026-05-21 14:29:23 UTC,Martine M,5,,,God arbeidsbukse,https://florworks.no/products/2024-god-arbeidsbukse,
2026-05-21 14:29:25 UTC,Martine M,5,,,God snekkerbukse,https://florworks.no/products/2024-god-snekkerbukse,
2026-05-21 14:29:27 UTC,Martine M,5,,,Enkel t-skjorte,https://florworks.no/products/2025-enkel-t-skjorte,
2026-05-21 18:53:04 UTC,SILJE A,5,Den ble for stor for meg. Har sendt inn bytte,published,Nær mellomlagsjakke,https://florworks.no/products/naer-mellomlagsjakke,
2026-05-21 18:53:08 UTC,SILJE A,2,,,Fiks skalljakke,https://florworks.no/products/fiks-skalljakke,
2026-05-21 20:18:02 UTC,Lina M,5,,,Våronn arbeidsbukse,https://florworks.no/products/varonn-arbeidsbukse,
2026-05-22 09:21:02 UTC,Anne K,5,Deilig hagebukse. Bekvem og funksjonell - raust med lommer og høy i livet. Litt stor i størrelsen. Og så at den er i bomull og ikke i plast selvfølgelig.,published,Service reviews,http://www.florworks.no/,
2026-05-22 11:39:29 UTC,Anne M,4,,,Hairtex skaut / fjøslue,https://florworks.no/products/hairtex-skaut,
2026-05-22 11:39:35 UTC,Anne M,4,,,Flor kjeledress,https://florworks.no/products/ny-flor-kjeledress,
2026-05-23 15:50:29 UTC,Hanne H,5,,,Cargobukse i bomull,https://florworks.no/products/2026-cargobukse-i-bomull,
2026-05-25 09:55:11 UTC,Andreas B,4,Kjøpte snekkerbukse størrelse M og det passet meget bra til henne på 153cm.,published,God snekkerbukse,https://florworks.no/products/2024-god-snekkerbukse,
2026-05-25 10:04:09 UTC,Linda L,5,"En jakke som er skikkelig god å ha på seg. Den er akkurat passe varm til jobbe i, på litt småhustrige dager eller kjølige kvelder. Lett å smette av og på. Gode lommer.",published,Sørvest bomullsjakke,https://florworks.no/products/2026-sorvest-jakke,
2026-05-25 10:18:54 UTC,Dagny H,5,,,Bonde t-skjorte - dame,https://florworks.no/products/2025-bonde-t-skjorte,
2026-05-25 12:28:02 UTC,Guro R,5,,,Sjodna arbeidsbukse,https://florworks.no/products/sjodna-arbeidsbukse,
2026-05-25 12:28:05 UTC,Guro R,5,,,Slåttonn arbeidsshorts,https://florworks.no/products/2024-slattonn-arbeidsshorts,
2026-05-25 14:04:14 UTC,Solaug S,5,,,Bonde t-skjorte - dame,https://florworks.no/products/2025-bonde-t-skjorte,
2026-05-25 18:08:50 UTC,Kristine R,5,,,Vår bomullsgenser,https://florworks.no/products/2025-var-bomullsgenser,
2026-05-25 18:08:55 UTC,Kristine R,5,,,2025 var skrytesokk 2pk,https://florworks.no/products/2025-var-skrytesokk-2pk,
2026-05-25 18:08:59 UTC,Kristine R,5,,,Sjodna jakke,https://florworks.no/products/sjodna-jakke,
2026-05-25 18:09:02 UTC,Kristine R,5,,,Nær mellomlagsjakke,https://florworks.no/products/naer-mellomlagsjakke,
2026-05-25 18:09:05 UTC,Kristine R,5,,,Slåttonn arbeidsshorts,https://florworks.no/products/2024-slattonn-arbeidsshorts,
2026-05-26 05:04:23 UTC,Maiken h,5,,,God snekkerbukse,https://florworks.no/products/2024-god-snekkerbukse,
2026-05-26 05:04:32 UTC,Maiken h,5,,,Hage arbeidsskjorte,https://florworks.no/products/2024-hage-arbeidsskjorte-1,
2026-05-26 07:53:03 UTC,Monika e,5,fantastisk dress,published,Kjeledress i bomull,https://florworks.no/products/2026-odla-kjeledress,
2026-05-26 11:01:28 UTC,Lilli H,5,,,God snekkerbukse,https://florworks.no/products/2024-god-snekkerbukse,
2026-05-26 12:43:57 UTC,Anette K,4,"Stor i størrelsen på kroppen, så bestilte heldigvis S når jeg vanligvis bruker M. Skulle ønske den da hadde vært litt lengre i armene, for ble litt kort der.",published,Fiks skalljakke,https://florworks.no/products/fiks-skalljakke,
2026-05-28 10:10:32 UTC,Signe S,5,,,Nær mellomlagsjakke,https://florworks.no/products/naer-mellomlagsjakke,
2026-05-28 10:23:10 UTC,Fredrikke K,5,,,Symre ansiktskrem med ringblomst og lavendel,https://florworks.no/products/symre-ansiktskrem-med-ringblomst-og-lavendel,
2026-05-28 10:23:14 UTC,Fredrikke K,5,,,Vår bomullsgenser,https://florworks.no/products/2025-var-bomullsgenser,
2026-05-28 10:41:48 UTC,Lene T,5,Flott og anvendelig dress!!,published,Flor kjeledress,https://florworks.no/products/ny-flor-kjeledress,
2026-05-28 12:32:49 UTC,Idunn K,1,,,Vår bomullsgenser,https://florworks.no/products/2025-var-bomullsgenser,
2026-05-28 12:32:53 UTC,Idunn K,5,God å ha på og virker solid,published,God snekkerbukse,https://florworks.no/products/2024-god-snekkerbukse,
2026-05-29 14:53:38 UTC,Marianne G,5,,,Hage arbeidsskjorte,https://florworks.no/products/2024-hage-arbeidsskjorte-1,
2026-05-29 14:53:42 UTC,Marianne G,4,Veldig fin dress og behagelig mykt stoff. Kunne dog tenkt meg knapper istedet for borrelås i livet. Det hadde også vært fint med ben som var bredere/mer vid.,published,Kjeledress i bomull,https://florworks.no/products/2026-odla-kjeledress,
2026-05-30 05:06:00 UTC,Hanna K,3,Buksen er i godt slitesterkt materiale. For meg med litt hofter og rumpe var buksa mye lavere i livet enn forventet. Lommene bak på rompa var veldig rare. Ellers fin og hendy.,published,Fiks håndverksbukse,https://florworks.no/products/fiks-handverksbukse,"Hei Hanna, Takk for ærleg tilbakemelding. Synd buksa ikkje passa heilt optimalt til deg. Håpar likevel du får gode arbeidsøkter i denne!"
2026-06-01 11:54:15 UTC,Emilie A,5,,,Ullpanneband,https://florworks.no/products/2025-inst-arbeidsull-panneband,
2026-06-01 11:54:17 UTC,Emilie A,5,,,Våronn arbeidsbukse,https://florworks.no/products/varonn-arbeidsbukse,
2026-06-01 11:54:21 UTC,Emilie A,5,,,Nær mellomlagsjakke,https://florworks.no/products/naer-mellomlagsjakke,
2026-06-01 11:56:05 UTC,Inga R,5,,,Nær mellomlagsjakke,https://florworks.no/products/naer-mellomlagsjakke,
2026-06-01 11:56:16 UTC,Inga R,5,,,Nær mellomlagsjakke,https://florworks.no/products/naer-mellomlagsjakke,
2026-06-01 11:56:30 UTC,Veronica W,4,,,Flor hettejakke,https://florworks.no/products/2025-flor-hettejakke,
2026-06-01 11:56:34 UTC,Veronica W,4,,,Bonde t-skjorte - dame,https://florworks.no/products/2025-bonde-t-skjorte,
2026-06-01 11:56:37 UTC,Veronica W,4,,,Flor logo t-skjorte,https://florworks.no/products/flor-logo-t-skjorte,
2026-06-01 11:56:38 UTC,Veronica W,5,,,Slåttonn arbeidsshorts,https://florworks.no/products/2024-slattonn-arbeidsshorts,
2026-06-01 11:58:51 UTC,Liv E,4,,,Skog flanellskjorte,https://florworks.no/products/2025-skog-flanellskjorte,
2026-06-01 12:38:14 UTC,Anine W,5,,,Slåttonn arbeidsshorts,https://florworks.no/products/2024-slattonn-arbeidsshorts,
2026-06-01 12:38:23 UTC,Anine W,3,"God passform, men ikke begeistret for stoffet. Lager mye lyd og føles veldig klam. Kjennes nesten som å ha på regnbukse.",published,Sjodna arbeidsbukse,https://florworks.no/products/sjodna-arbeidsbukse,"Hei Anine, Takk for di tilbakemelding. Sjodna har vanntett stoff framme for å vera eigna til å bruka til fuktige oppgåver, og vil difor kjennast likt ut som regnstoff framme. Forskjellen er at buksa har stretch bak i eit stoff som pustar slik at ho framleis er god å jobba i. Våronn arbeidsbukse er ei meir allsidig bukse til samanlikning."
2026-06-01 13:32:29 UTC,Torunn A,5,,,Sjodna arbeidsbukse,https://florworks.no/products/sjodna-arbeidsbukse,
2026-06-01 14:05:08 UTC,Jorun M,5,,,Slåttonn arbeidsshorts,https://florworks.no/products/2024-slattonn-arbeidsshorts,
2026-06-01 14:05:17 UTC,Jorun M,5,Sitter godt på.,published,Våronn arbeidsbukse,https://florworks.no/products/varonn-arbeidsbukse,
2026-06-01 14:29:02 UTC,Ane H,5,"Perfekt passform, lett og god.",published,Lett ull t-skjorte,https://florworks.no/products/2026-lett-ull-t-skjorte,
2026-06-01 14:29:13 UTC,Ane H,5,"God og behagelig bukse. Bred linning med strikk, behagelig og sitter bra. Litt vide ben, jeg foretrekker litt mer tettsittende, men ikke noe annet å utsette.",published,Cargobukse i bomull,https://florworks.no/products/2026-cargobukse-i-bomull,
2026-06-01 14:29:19 UTC,Ane H,5,,,2025 var skrytesokk 2pk,https://florworks.no/products/2025-var-skrytesokk-2pk,
2026-06-01 14:29:22 UTC,Ane H,5,,,Vår bomullsgenser,https://florworks.no/products/2025-var-bomullsgenser,
2026-06-01 14:29:25 UTC,Ane H,5,,,Bonde t-skjorte - dame,https://florworks.no/products/2025-bonde-t-skjorte,
2026-06-01 16:52:50 UTC,Evy A,5,,,Skog flanellskjorte,https://florworks.no/products/2025-skog-flanellskjorte,
2026-06-01 18:06:44 UTC,Aina L,5,,,Nær mellomlagsjakke,https://florworks.no/products/naer-mellomlagsjakke,
2026-06-01 18:07:44 UTC,Tonje A,4,,,Hage arbeidsskjorte,https://florworks.no/products/2024-hage-arbeidsskjorte-1,
2026-06-01 18:08:04 UTC,Tonje A,1,,,Slåttonn arbeidsshorts,https://florworks.no/products/2024-slattonn-arbeidsshorts,
2026-06-01 18:39:39 UTC,Liv k,5,,,Nær mellomlagsjakke,https://florworks.no/products/naer-mellomlagsjakke,
2026-06-01 18:39:47 UTC,Liv k,5,,,Nær mellomlagsjakke,https://florworks.no/products/naer-mellomlagsjakke,
2026-06-01 18:39:55 UTC,Liv k,1,,,Slåttonn arbeidsshorts,https://florworks.no/products/2024-slattonn-arbeidsshorts,
2026-06-01 20:26:11 UTC,Åshild I,5,Fantastisk gode sokkar!,published,2025 var skrytesokk 2pk,https://florworks.no/products/2025-var-skrytesokk-2pk,
2026-06-02 11:01:22 UTC,Annbjørg J,5,Bra passform,published,Nær mellomlagsjakke,https://florworks.no/products/naer-mellomlagsjakke,
2026-06-02 17:08:53 UTC,Maja W,5,,,Hage forkle - kort modell,https://florworks.no/products/hage-forkle-kort,
2026-06-02 17:09:00 UTC,Maja W,5,,,Sjodna arbeidsbukse,https://florworks.no/products/sjodna-arbeidsbukse,
2026-06-02 17:09:05 UTC,Maja W,5,,,Bonde t-skjorte - dame,https://florworks.no/products/2025-bonde-t-skjorte,
2026-06-02 17:09:10 UTC,Maja W,5,,,Symre leppepomade,https://florworks.no/products/symre-leppepomade,
2026-06-03 06:25:12 UTC,Rebekka F,5,,,Flor kjeledress,https://florworks.no/products/ny-flor-kjeledress,
2026-06-03 17:02:23 UTC,Aina S,5,,,Symre ansiktskrem med ringblomst og lavendel,https://florworks.no/products/symre-ansiktskrem-med-ringblomst-og-lavendel,
2026-06-03 17:02:30 UTC,Aina S,3,,,Symre solkrem 30 ml,https://florworks.no/products/symre-solkrem-30-ml,
2026-06-03 17:02:44 UTC,Aina S,5,,,"Ullsokk med skryt, 2-pk",https://florworks.no/products/ullsokk-med-skryt-2-pk,
2026-06-03 17:02:46 UTC,Aina S,5,,,"Ullsokk med skryt, 2-pk",https://florworks.no/products/ullsokk-med-skryt-2-pk,
2026-06-03 17:02:50 UTC,Aina S,5,,,Sjodna arbeidsbukse,https://florworks.no/products/sjodna-arbeidsbukse,
2026-06-03 17:02:55 UTC,Aina S,5,,,Ullfleece,https://florworks.no/products/2025-udla-fleecejakke,
2026-06-04 05:47:02 UTC,Ellisiv H,5,,,God snekkerbukse,https://florworks.no/products/2024-god-snekkerbukse,
2026-06-05 09:01:42 UTC,Marthine D,4,,,Våronn arbeidsbukse,https://florworks.no/products/varonn-arbeidsbukse,
2026-06-05 09:09:55 UTC,Erik T,5,,,Våronn arbeidsbukse,https://florworks.no/products/varonn-arbeidsbukse,
2026-06-05 09:51:51 UTC,Ine M,5,,,God snekkerbukse,https://florworks.no/products/2024-god-snekkerbukse,
2026-06-05 10:24:25 UTC,Anne S,5,,,Slåttonn arbeidsshorts,https://florworks.no/products/2024-slattonn-arbeidsshorts,
2026-06-05 17:39:04 UTC,Tove I,5,,,God snekkerbukse,https://florworks.no/products/2024-god-snekkerbukse,
2026-06-06 08:02:58 UTC,Monica R,5,"Utrolig digg bukse å ha på seg! Stramming, strikk og borrelås akkurat der man vil ha det 🤩",published,Våronn arbeidsbukse,https://florworks.no/products/varonn-arbeidsbukse,
2026-06-06 08:03:01 UTC,Monica R,5,"Endelig en fantastisk god arbeidsbukse som passer til en kvinnekropp! Jeg trodde arbeidsbukser kom til å være vonde herrebukser som ikke passet spesielt bra i all fremtid, men disse her altså ❤️ Nå kan buksen komme på og jeg kan fokusere på jobben og ikke at klærne gjør vondt.",published,Fiks håndverksbukse,https://florworks.no/products/fiks-handverksbukse,
2026-06-07 04:34:43 UTC,Tatjana B,5,,,Flor handlenett,https://florworks.no/products/flor-handlenett,
2026-06-07 07:51:08 UTC,Lillian m,4,,,Snedden tights,https://florworks.no/products/2025-snedden-tights,
2026-06-08 14:39:58 UTC,Manja I,5,,,Hage arbeidsskjorte,https://florworks.no/products/2024-hage-arbeidsskjorte-1,
2026-06-08 14:53:45 UTC,Tina J,5,,,Cargobukse i bomull,https://florworks.no/products/2026-cargobukse-i-bomull,
2026-06-08 15:36:54 UTC,Ellen M,5,,,Cargobukse i bomull,https://florworks.no/products/2026-cargobukse-i-bomull,
2026-06-08 18:53:25 UTC,Cordula K,5,,,Godt jobba t-skjorte,https://florworks.no/products/2025-godt-jobba-t-skjorte,
2026-06-08 18:53:35 UTC,Cordula K,5,,,God snekkerbukse,https://florworks.no/products/2024-god-snekkerbukse,
2026-06-08 19:04:49 UTC,Oda U,5,,,Hage arbeidsskjorte,https://florworks.no/products/2024-hage-arbeidsskjorte-1,
2026-06-08 19:04:53 UTC,Oda U,5,,,Hage arbeidsskjorte,https://florworks.no/products/2024-hage-arbeidsskjorte-1,
2026-06-09 05:30:03 UTC,Trine L,4,Lett og behagelig genser,published,Vår bomullsgenser,https://florworks.no/products/2025-var-bomullsgenser,
2026-06-09 05:30:07 UTC,Trine L,5,Elsker flor buksene🤩,published,Våronn arbeidsbukse,https://florworks.no/products/varonn-arbeidsbukse,
2026-06-09 05:30:10 UTC,Trine L,4,I prøvefassn,published,Symre leppepomade,https://florworks.no/products/symre-leppepomade,
2026-06-09 07:31:21 UTC,Jessica R,5,,,Cargobukse i bomull,https://florworks.no/products/2026-cargobukse-i-bomull,
2026-06-09 07:48:11 UTC,Miriam A,1,,,God snekkerbukse,https://florworks.no/products/2024-god-snekkerbukse,
2026-06-09 11:07:18 UTC,Oda H,5,,,Enkel t-skjorte,https://florworks.no/products/2025-enkel-t-skjorte,
2026-06-09 13:35:59 UTC,Britt T,5,,,Sørvest bomullsjakke,https://florworks.no/products/2026-sorvest-jakke,
2026-06-09 13:36:14 UTC,Britt T,5,,,Lett ull t-skjorte,https://florworks.no/products/2026-lett-ull-t-skjorte,
2026-06-09 19:56:25 UTC,Sara N,5,,,Slåttonn arbeidsshorts,https://florworks.no/products/2024-slattonn-arbeidsshorts,
2026-06-09 19:56:29 UTC,Sara N,5,,,Solskin arbeidsshorts,https://florworks.no/products/2025-solskin-arbeidsshorts,
2026-06-10 10:00:38 UTC,Anne K,5,,,Dongeri arbeidsskjorte,https://florworks.no/products/2025-dongeri-arbeidsskjorte,
2026-06-11 08:48:30 UTC,Anita s,5,,,Service reviews,http://www.florworks.no/,
2026-06-11 09:01:50 UTC,Ida C,5,,,Våronn arbeidsbukse,https://florworks.no/products/varonn-arbeidsbukse,
2026-06-11 10:03:11 UTC,Barbro K,5,,,God snekkerbukse,https://florworks.no/products/2024-god-snekkerbukse,
2026-06-11 10:03:14 UTC,Barbro K,5,,,Sjodna jakke,https://florworks.no/products/sjodna-jakke,
2026-06-11 10:03:17 UTC,Barbro K,5,,,Hage arbeidsskjorte,https://florworks.no/products/2024-hage-arbeidsskjorte-1,
2026-06-11 20:13:04 UTC,Henriette H,5,,,God snekkerbukse,https://florworks.no/products/2024-god-snekkerbukse,
2026-06-12 02:42:33 UTC,Stine S,4,,,Fiks håndverksbukse,https://florworks.no/products/fiks-handverksbukse,
2026-06-12 09:40:05 UTC,tord e,5,"Er gave, så har ikke fått prøvd enda.",published,God snekkerbukse,https://florworks.no/products/2024-god-snekkerbukse,
2026-06-13 22:32:23 UTC,Laila O,5,,,Våronn arbeidsbukse,https://florworks.no/products/varonn-arbeidsbukse,
2026-06-13 22:32:32 UTC,Laila O,5,,,Våronn arbeidsbukse,https://florworks.no/products/varonn-arbeidsbukse,
2026-06-15 07:30:00 UTC,Andrea T,4,,,Fiks håndverksbukse,https://florworks.no/products/fiks-handverksbukse,
2026-06-15 12:54:57 UTC,Mette L,4,,,Flor kjeledress,https://florworks.no/products/ny-flor-kjeledress,
2026-06-15 13:52:29 UTC,Anita S,5,,,God snekkerbukse,https://florworks.no/products/2024-god-snekkerbukse,
2026-06-15 13:52:31 UTC,Anita S,5,,,Våronn arbeidsbukse,https://florworks.no/products/varonn-arbeidsbukse,
2026-06-15 15:34:25 UTC,Kari K,5,,,Nær mellomlagsjakke,https://florworks.no/products/naer-mellomlagsjakke,
2026-06-15 15:35:19 UTC,Kari K,5,,,Slåttonn arbeidsshorts,https://florworks.no/products/2024-slattonn-arbeidsshorts,
2026-06-15 17:28:17 UTC,pia w,5,,,God snekkerbukse,https://florworks.no/products/2024-god-snekkerbukse,
2026-06-15 17:28:36 UTC,pia w,5,,,Sørvest bomullsjakke,https://florworks.no/products/2026-sorvest-jakke,
2026-06-16 19:16:05 UTC,Randi S,5,,,Sørvest bomullsjakke,https://florworks.no/products/2026-sorvest-jakke,
2026-06-17 17:00:01 UTC,Line N,5,"Veldig god, godt med litt stretch men fremdeles bomullsfølelsen.",published,Enkel t-skjorte,https://florworks.no/products/2025-enkel-t-skjorte,
2026-06-17 17:03:51 UTC,Line N,5,:D :D,published,Våronn arbeidsbukse,https://florworks.no/products/varonn-arbeidsbukse,
2026-06-18 10:02:44 UTC,Eirin Å,5,,,Flor barnedress,https://florworks.no/products/flor-barnedress,
2026-06-18 10:21:17 UTC,Marianne T,5,Kjempefin jakke! Jeg jobber i barnehage og med denne jakken kan jeg jobbe og leke med barna. Den er veldig behagelig å ha på og varm.,published,Sørvest bomullsjakke,https://florworks.no/products/2026-sorvest-jakke,
2026-06-18 10:21:25 UTC,Gro F,5,Flott bukse med god størrelse.,published,Service reviews,http://www.florworks.no/,
2026-06-18 13:42:50 UTC,Camilla P,5,,,Dongeri arbeidsskjorte,https://florworks.no/products/2025-dongeri-arbeidsskjorte,
2026-06-18 18:23:51 UTC,Janne H,5,,,Hage arbeidskjole,https://florworks.no/products/2025-hage-arbeidskjole,
2026-06-22 10:38:55 UTC,Carol R,1,,,Flor gavekort - den perfekte gaven!,https://florworks.no/products/flor-gavekort-den-perfekte-gaven,
2026-06-22 11:00:22 UTC,Anne S,5,,,God snekkerbukse,https://florworks.no/products/2024-god-snekkerbukse,
2026-06-22 11:01:01 UTC,Anne S,5,,,Lue i merinoull,https://florworks.no/products/2025-inst-arbeidsull-hue,
2026-06-22 11:49:28 UTC,Kristin H,5,,,Sjodna arbeidsbukse,https://florworks.no/products/sjodna-arbeidsbukse,
2026-06-22 12:26:27 UTC,Mette M,5,Superdeilig t-skjorte!,published,Flor logo t-skjorte,https://florworks.no/products/flor-logo-t-skjorte,
2026-06-22 12:26:48 UTC,Mette M,5,"Behagelig bukse, også når man er gravid!",published,God snekkerbukse,https://florworks.no/products/2024-god-snekkerbukse,
2026-06-23 12:42:03 UTC,Tina H,5,God bukse!,published,Cargobukse i bomull,https://florworks.no/products/2026-cargobukse-i-bomull,
2026-06-23 21:24:54 UTC,Elin L,4,Ser bra ut,published,God snekkerbukse,https://florworks.no/products/2024-god-snekkerbukse,
2026-06-25 09:30:36 UTC,Malik B,5,,,Service reviews,http://www.florworks.no/,
2026-06-25 10:56:04 UTC,Kristine S,5,"Skålen var kjempe fin, likte teksten veldig godt ""smågodt jobba"" :-)",published,smagodt skal,https://florworks.no/products/smagodt-skal,
2026-06-26 14:28:14 UTC,Ingrid A,5,,,Cargobukse i bomull,https://florworks.no/products/2026-cargobukse-i-bomull,
2026-06-29 10:37:01 UTC,KATRINE N,5,,,God snekkerbukse,https://florworks.no/products/2024-god-snekkerbukse,
2026-06-29 11:43:38 UTC,Caroline W,4,,,Hage t-skjorte,https://florworks.no/products/2025-hage-t-skjorte,
2026-06-29 11:43:44 UTC,Caroline W,4,,,God snekkerbukse,https://florworks.no/products/2024-god-snekkerbukse,
2026-06-29 12:31:02 UTC,Kine T,5,,,Service reviews,http://www.florworks.no/,
2026-06-29 13:33:44 UTC,Thomas B,5,,,Hage arbeidskjole,https://florworks.no/products/2025-hage-arbeidskjole,
2026-06-29 13:44:17 UTC,Persson S,5,,,smagodt skal,https://florworks.no/products/smagodt-skal,
2026-06-29 16:03:12 UTC,Lesley S,5,,,2025 inst arbeidsull troye med rund hals,https://florworks.no/products/2025-inst-arbeidsull-troye-med-rund-hals,
2026-06-29 16:03:20 UTC,Lesley S,5,,,Slåttonn arbeidsshorts,https://florworks.no/products/2024-slattonn-arbeidsshorts,
2026-06-29 16:03:24 UTC,Lesley S,5,,,"Ullsokk med skryt, 2-pk",https://florworks.no/products/ullsokk-med-skryt-2-pk,
2026-06-29 16:14:33 UTC,Lisbeth S,5,,,Slåttonn arbeidsshorts,https://florworks.no/products/2024-slattonn-arbeidsshorts,
2026-06-30 13:49:44 UTC,Gro F,4,,,Våronn arbeidsbukse,https://florworks.no/products/varonn-arbeidsbukse,
2026-06-30 15:30:10 UTC,Martine M,5,,,Slåttonn arbeidsshorts,https://florworks.no/products/2024-slattonn-arbeidsshorts,
2026-06-30 15:30:14 UTC,Martine M,5,,,Bonde t-skjorte - dame,https://florworks.no/products/2025-bonde-t-skjorte,
2026-06-30 15:30:17 UTC,Martine M,5,,,Bonde t-skjorte - dame,https://florworks.no/products/2025-bonde-t-skjorte,
2026-06-30 19:15:45 UTC,Stephanie W,5,,,Cargobukse i bomull,https://florworks.no/products/2026-cargobukse-i-bomull,
2026-06-30 20:03:24 UTC,Linda L,5,"Jeg bor nå i denne kjeldressen. I hagen, i drivhuset, i naustet - overalt hvor noe skal gjøres. Passformen er god, jeg er 167cm/60kg og har str S. Det er godt med plass til vanlige klær under dressen. Jeg bøyer meg gjerne litt ned når dressen skal kles på, det betyr bare at jeg slipper å ha en kjeldress hvor skrittet henger nedpå knærne. Den er litt smal i beina, noe som er praktisk når støvlene skal på, men litt upraktisk når dressen skal utenpå dongeribuksa i full fart. Lommer kan det aldri bli for mye av, spesielt på beina. Og solide brystlommer burde man ha på BEGGE sider, MED lukking, for her ramler briller (og alt annet som man ikke vil risikere å ha i bukselomma) ut hver gang man bøyer seg. For vanlige folk som er litt over middels interessert i å drive på med utearbeid, så er denne kjeldressen en sånn type ting du ikke vet at du har veldig god bruk for, før du faktisk skaffer deg en og tar den i bruk.",published,Kjeledress i bomull,https://florworks.no/products/2026-odla-kjeledress,
2026-07-02 08:54:03 UTC,Elin M,5,,,Våronn arbeidsbukse,https://florworks.no/products/varonn-arbeidsbukse,
2026-07-02 08:54:10 UTC,Elin M,5,,,Skog flanellskjorte,https://florworks.no/products/2025-skog-flanellskjorte,
2026-07-02 08:54:13 UTC,Elin M,5,,,Flor hettejakke,https://florworks.no/products/2025-flor-hettejakke,
2026-07-03 06:18:10 UTC,Bente D,1,,,Flor Redesign - Hagetaske,https://florworks.no/products/flor-redesign-hageveske,
2026-07-03 06:18:27 UTC,Bente D,5,,,Hage forkle - kort modell,https://florworks.no/products/hage-forkle-kort,
2026-07-03 06:18:31 UTC,Bente D,5,,,Cargobukse i bomull,https://florworks.no/products/2026-cargobukse-i-bomull,
2026-07-03 08:53:31 UTC,Inger K,3,"Litt trang, burde våre litt vidare over hoftene",published,Hage arbeidsskjorte,https://florworks.no/products/2024-hage-arbeidsskjorte-1,
2026-07-03 08:53:38 UTC,Inger K,5,Veldig fornøyde,published,Snedden tights,https://florworks.no/products/2025-snedden-tights,
2026-07-03 13:43:27 UTC,Monika M,5,,,Cargobukse i bomull,https://florworks.no/products/2026-cargobukse-i-bomull,
2026-07-03 15:36:12 UTC,Bente S,5,"Kjempegod bukse, så fin grønfarge! denne er nr 3🌟Det talar for seg😍",published,Våronn arbeidsbukse,https://florworks.no/products/varonn-arbeidsbukse,
2026-07-03 19:34:40 UTC,Simen G,5,,,God snekkerbukse,https://florworks.no/products/2024-god-snekkerbukse,
2026-07-03 19:37:21 UTC,Kari H,5,,,Service reviews,http://www.florworks.no/,
2026-07-06 13:10:24 UTC,Magnhild B,5,,,Hage arbeidsskjorte,https://florworks.no/products/2024-hage-arbeidsskjorte-1,
2026-07-06 13:10:28 UTC,Magnhild B,5,,,Cargobukse i bomull,https://florworks.no/products/2026-cargobukse-i-bomull,
2026-07-06 13:10:31 UTC,Magnhild B,5,,,Symre leppepomade,https://florworks.no/products/symre-leppepomade,
2026-07-06 17:51:16 UTC,Mathilde S,5,,,Flor barnedress,https://florworks.no/products/flor-barnedress,
2026-07-06 18:55:35 UTC,Emma V,5,,,Synleg arbeidsshorts,https://florworks.no/products/synleg-arbeidsshorts,
2026-07-06 21:58:51 UTC,Tine H,5,,,Symre ansiktskrem med ringblomst og lavendel,https://florworks.no/products/symre-ansiktskrem-med-ringblomst-og-lavendel,
2026-07-06 21:59:19 UTC,Tine H,5,,,Symre solkrem 30 ml,https://florworks.no/products/symre-solkrem-30-ml,
2026-07-07 11:19:50 UTC,Tone K,5,Fins ikkje betre arbeidsklær enn Flor sine!,published,Snedden tights,https://florworks.no/products/2025-snedden-tights,
2026-07-07 11:19:53 UTC,Tone K,5,God T-skjorte!,published,Enkel t-skjorte,https://florworks.no/products/2025-enkel-t-skjorte,
2026-07-07 15:14:46 UTC,Kirsten B,5,,,Ullfleece,https://florworks.no/products/2025-udla-fleecejakke,
2026-07-08 04:47:00 UTC,May-Linn H,2,,,Flor kjeledress,https://florworks.no/products/ny-flor-kjeledress,
2026-07-09 09:36:55 UTC,Rachel S,5,Fin snekkerbukse og bra på størrelsen. Bra med borrelås for å justere midjen,published,God snekkerbukse,https://florworks.no/products/2024-god-snekkerbukse,
2026-07-10 11:12:41 UTC,Anders J,5,,,Lett ull t-skjorte,https://florworks.no/products/2026-lett-ull-t-skjorte,
2026-07-11 08:24:41 UTC,Marie L,5,,,Lett ull t-skjorte,https://florworks.no/products/2026-lett-ull-t-skjorte,
2026-07-11 08:24:45 UTC,Marie L,5,,,Lett ull t-skjorte,https://florworks.no/products/2026-lett-ull-t-skjorte,
2026-07-11 08:24:51 UTC,Marie L,4,,,Flor hettejakke,https://florworks.no/products/2025-flor-hettejakke,
2026-07-11 17:56:48 UTC,Solveig-Christin R,5,"Elske min nye arbeidsbukse! Den er så behagelig å ha på seg. Har store lår så du fleste bukser er så ubehagelige å bøye seg i men ikke denne! Fin farge, masse lommer og digge at det er borrelås nederst på buksa sia eg har korte ben.",published,God snekkerbukse,https://florworks.no/products/2024-god-snekkerbukse,
2026-07-13 11:26:22 UTC,Kristin H,4,,,Bonde t-skjorte - dame,https://florworks.se/products/2025-bonde-t-skjorte,
2026-07-13 11:26:28 UTC,Kristin H,4,,,Sjodna arbeidsbukse,https://florworks.se/products/sjodna-arbeidsbukse,
2026-07-13 11:26:33 UTC,Kristin H,4,,,God arbeidsbukse,https://florworks.se/products/2024-god-arbeidsbukse,
2026-07-13 12:18:06 UTC,Siri L,5,,,Hage forkle - kort modell,https://florworks.se/products/hage-forkle-kort,
2026-07-13 12:46:40 UTC,Maria H,4,,,Våronn arbeidsbukse Outlet,https://florworks.se/products/varonn-arbeidsbukse-outlet,
2026-07-13 12:46:46 UTC,Maria H,4,,,Hage arbeidsskjorte,https://florworks.se/products/2024-hage-arbeidsskjorte-1,
2026-07-13 12:46:55 UTC,Maria H,5,,,Ullfleece,https://florworks.se/products/2025-udla-fleecejakke,
2026-07-13 13:14:06 UTC,Sørvikmarken G,5,,,Flor barnedress,https://florworks.no/products/flor-barnedress,
2026-07-13 13:14:13 UTC,Sørvikmarken G,4,,,Flor kjeledress,https://florworks.no/products/ny-flor-kjeledress,
2026-07-13 13:14:39 UTC,Sørvikmarken G,5,,,Flor bomullsgenser,https://florworks.no/products/2025-flor-bomullsgenser,
2026-07-13 13:14:45 UTC,Sørvikmarken G,4,,,Snedden tights,https://florworks.no/products/2025-snedden-tights,
2026-07-13 13:18:48 UTC,Ludvig D,5,God kundeservice,published,Service reviews,http://www.florworks.no/,
2026-07-13 16:45:07 UTC,Oda E,5,,,Synleg arbeidsshorts,https://florworks.se/products/synleg-arbeidsshorts,
2026-07-13 16:45:12 UTC,Oda E,5,,,Synleg arbeidsshorts,https://florworks.se/products/synleg-arbeidsshorts,
2026-07-13 16:45:15 UTC,Oda E,5,,,Synleg håndverksbukse,https://florworks.se/products/synleg-handverksbukse,
2026-07-14 09:54:11 UTC,Thomas G,5,,,God snekkerbukse,https://florworks.se/products/2024-god-snekkerbukse,
2026-07-14 10:48:43 UTC,Jorun M,5,,,Flor hettejakke,https://florworks.se/products/2025-flor-hettejakke,
2026-07-14 10:48:43 UTC,Jorun M,5,,,Flor logo t-skjorte,https://florworks.se/products/flor-logo-t-skjorte,
2026-07-14 11:43:35 UTC,Birgit B,4,,,smagodt skal,https://florworks.no/products/smagodt-skal,
2026-07-15 09:50:50 UTC,Ann K,5,,,Sjodna arbeidsbukse,https://florworks.se/products/sjodna-arbeidsbukse,
2026-07-17 10:05:15 UTC,Mari T,5,,,Våronn arbeidsbukse Outlet,https://florworks.no/products/varonn-arbeidsbukse-outlet,
2026-07-17 10:05:21 UTC,Mari T,5,,,Fjåk sjokolade,https://florworks.no/products/fjak-sjokolade,
2026-07-17 10:05:25 UTC,Mari T,5,,,Nær mellomlagsjakke,https://florworks.no/products/naer-mellomlagsjakke,
2026-07-17 10:05:37 UTC,Mari T,5,,,Sjodna jakke,https://florworks.no/products/sjodna-jakke,
2026-07-17 16:38:19 UTC,Astrid E,3,,,God arbeidsbukse,https://florworks.se/products/2024-god-arbeidsbukse,
2026-07-18 21:51:57 UTC,Maria S,5,,,Synleg arbeidsshorts,https://florworks.se/products/synleg-arbeidsshorts,
2026-07-19 17:18:53 UTC,Heidi,5,Hyggelig og behjelpelig på tlf. Bjoabuksen er myk og behagelig å ha på.,published,Service reviews,http://www.florworks.no/,
2026-07-20 11:38:36 UTC,Kristin B,4,,,Våronn arbeidsbukse Outlet,https://florworks.no/products/varonn-arbeidsbukse-outlet,
2026-07-20 11:40:40 UTC,Nina L,5,,,Våronn arbeidsbukse Outlet,https://florworks.no/products/varonn-arbeidsbukse-outlet,
2026-07-20 11:58:02 UTC,Solveig S,4,,,Flor Redesign - Hagetaske,https://florworks.no/products/flor-redesign-hageveske,
2026-07-20 13:27:33 UTC,Ida M,4,"Behagelig og myk. Romslig passform. Godt sydd. Ekstra sømmer på skuldrene blant annet. Ble nuppete etter ett par bruk, går utifra at det har med elastanen å gjøre men vet ikke.",published,Godt jobba t-skjorte - herre,https://florworks.se/products/2025-godt-jobba-t-skjorte-herre,
2026-07-20 13:30:08 UTC,Ida M,5,"Har ikke prøvd den i bruk enda, kun prøvd på og da kjentes den behagelig og greit å bevege seg i. Har sett på buksene før men ikke kjøpt da jeg har vært usikker på om størrelsen har vært stor nok. Kjøpte den største, og ja den var stor nok men kunne ikke vært noe mindre. Som den damen med former man er, er det en klar fordel med strammemuligheter i livet - noe denne har. Den kunne godt hatt ett par stolper til til ett belte, og sikkert en lomme eller to til. Men alt i alt - så langt så bra! Anbefaler den gjerne videre.",published,God arbeidsbukse,https://florworks.se/products/2024-god-arbeidsbukse,
2026-07-20 13:35:21 UTC,Ida M,5,Overrasket over hvor godt og tykk stoff denne var i. God passform og vil nok gjøre nytten for seg utover sensommeren og høsten som jakke / utenpå skjorte. Og en flott farge.,published,Hage arbeidsskjorte,https://florworks.se/products/2024-hage-arbeidsskjorte-1,
2026-07-20 13:52:29 UTC,Elin J,5,,,Våronn arbeidsbukse Outlet,https://florworks.no/products/varonn-arbeidsbukse-outlet,
2026-07-20 13:52:31 UTC,Elin J,5,,,Bonde t-skjorte - dame,https://florworks.no/products/2025-bonde-t-skjorte,
2026-07-20 13:52:31 UTC,Elin J,5,,,Hage arbeidsskjorte,https://florworks.no/products/2024-hage-arbeidsskjorte-1,
2026-07-20 13:52:34 UTC,Elin J,5,,,Flor logo t-skjorte,https://florworks.no/products/flor-logo-t-skjorte,
2026-07-20 13:52:35 UTC,Elin J,5,,,Flor plaster,https://florworks.no/products/flor-plaster,
2026-07-20 13:52:37 UTC,Elin J,5,,,Ullfleece,https://florworks.no/products/2025-udla-fleecejakke,
2026-07-20 15:02:50 UTC,Silja F,4,,,God arbeidsbukse,https://florworks.se/products/2024-god-arbeidsbukse,
2026-07-21 05:53:17 UTC,Birgitte O,5,"Dette blir bursdagsgave til Kristin Anka Heim på Tennes i Balsfjord,, regner med hun blir STRÅLENDE fornøyd!",published,Synleg arbeidsshorts,https://florworks.no/products/synleg-arbeidsshorts,
2026-07-21 05:53:29 UTC,Birgitte O,4,Gleder med til å syntes når jeg drar til og fra fjøsen😍,published,Synleg håndverksbukse,https://florworks.no/products/synleg-handverksbukse,
2026-07-21 09:40:44 UTC,Nina E,5,,,God arbeidsbukse,https://florworks.no/products/2024-god-arbeidsbukse,
2026-07-21 10:12:54 UTC,Åse S,5,,,Service reviews,http://www.florworks.no/,
2026-07-21 13:16:06 UTC,Anette H,4,,,Våronn arbeidsbukse Outlet,https://florworks.no/products/varonn-arbeidsbukse-outlet,
2026-07-22 06:06:45 UTC,Tone B,4,,,Enkel t-skjorte,https://florworks.no/products/2025-enkel-t-skjorte,
2026-07-22 07:27:26 UTC,Jofrid B,5,,,Enkel t-skjorte,https://florworks.no/products/2025-enkel-t-skjorte,
